-- MySQL dump 10.13  Distrib 5.6.23, for Linux (x86_64)
--
-- Host: localhost    Database: rvd
-- ------------------------------------------------------
-- Server version	5.6.22-1+deb.sury.org~precise+1

/*!40101 SET @OLD_CHARACTER_SET_CLIENT=@@CHARACTER_SET_CLIENT */;
/*!40101 SET @OLD_CHARACTER_SET_RESULTS=@@CHARACTER_SET_RESULTS */;
/*!40101 SET @OLD_COLLATION_CONNECTION=@@COLLATION_CONNECTION */;
/*!40101 SET NAMES utf8 */;
/*!40103 SET @OLD_TIME_ZONE=@@TIME_ZONE */;
/*!40103 SET TIME_ZONE='+00:00' */;
/*!40014 SET @OLD_UNIQUE_CHECKS=@@UNIQUE_CHECKS, UNIQUE_CHECKS=0 */;
/*!40014 SET @OLD_FOREIGN_KEY_CHECKS=@@FOREIGN_KEY_CHECKS, FOREIGN_KEY_CHECKS=0 */;
/*!40101 SET @OLD_SQL_MODE=@@SQL_MODE, SQL_MODE='NO_AUTO_VALUE_ON_ZERO' */;
/*!40111 SET @OLD_SQL_NOTES=@@SQL_NOTES, SQL_NOTES=0 */;

--
-- Table structure for table `action_event`
--

DROP TABLE IF EXISTS `action_event`;
/*!40101 SET @saved_cs_client     = @@character_set_client */;
/*!40101 SET character_set_client = utf8 */;
CREATE TABLE `action_event` (
  `action_id` bigint(20) DEFAULT NULL,
  `event_id` bigint(20) DEFAULT NULL,
  KEY `action_id` (`action_id`),
  KEY `event_id` (`event_id`),
  CONSTRAINT `action_event_ibfk_1` FOREIGN KEY (`action_id`) REFERENCES `actions` (`id`),
  CONSTRAINT `action_event_ibfk_2` FOREIGN KEY (`event_id`) REFERENCES `events` (`id`)
) ENGINE=InnoDB DEFAULT CHARSET=latin1;
/*!40101 SET character_set_client = @saved_cs_client */;

--
-- Dumping data for table `action_event`
--

LOCK TABLES `action_event` WRITE;
/*!40000 ALTER TABLE `action_event` DISABLE KEYS */;
INSERT INTO `action_event` VALUES (1,1);
/*!40000 ALTER TABLE `action_event` ENABLE KEYS */;
UNLOCK TABLES;

--
-- Table structure for table `action_international-authority`
--

DROP TABLE IF EXISTS `action_international-authority`;
/*!40101 SET @saved_cs_client     = @@character_set_client */;
/*!40101 SET character_set_client = utf8 */;
CREATE TABLE `action_international-authority` (
  `action_id` bigint(20) DEFAULT NULL,
  `international_authority_id` bigint(20) DEFAULT NULL,
  KEY `action_id` (`action_id`),
  KEY `international_authority_id` (`international_authority_id`),
  CONSTRAINT `action_international-authority_ibfk_1` FOREIGN KEY (`action_id`) REFERENCES `actions` (`id`),
  CONSTRAINT `action_international-authority_ibfk_2` FOREIGN KEY (`international_authority_id`) REFERENCES `internationalauthorities` (`id`)
) ENGINE=InnoDB DEFAULT CHARSET=latin1;
/*!40101 SET character_set_client = @saved_cs_client */;

--
-- Dumping data for table `action_international-authority`
--

LOCK TABLES `action_international-authority` WRITE;
/*!40000 ALTER TABLE `action_international-authority` DISABLE KEYS */;
INSERT INTO `action_international-authority` VALUES (1,1);
/*!40000 ALTER TABLE `action_international-authority` ENABLE KEYS */;
UNLOCK TABLES;

--
-- Table structure for table `action_state-authority`
--

DROP TABLE IF EXISTS `action_state-authority`;
/*!40101 SET @saved_cs_client     = @@character_set_client */;
/*!40101 SET character_set_client = utf8 */;
CREATE TABLE `action_state-authority` (
  `action_id` bigint(20) DEFAULT NULL,
  `state_authority_id` bigint(20) DEFAULT NULL,
  KEY `action_id` (`action_id`),
  KEY `state_authority_id` (`state_authority_id`),
  CONSTRAINT `action_state-authority_ibfk_1` FOREIGN KEY (`action_id`) REFERENCES `actions` (`id`),
  CONSTRAINT `action_state-authority_ibfk_2` FOREIGN KEY (`state_authority_id`) REFERENCES `stateauthorities` (`id`)
) ENGINE=InnoDB DEFAULT CHARSET=latin1;
/*!40101 SET character_set_client = @saved_cs_client */;

--
-- Dumping data for table `action_state-authority`
--

LOCK TABLES `action_state-authority` WRITE;
/*!40000 ALTER TABLE `action_state-authority` DISABLE KEYS */;
INSERT INTO `action_state-authority` VALUES (1,1);
/*!40000 ALTER TABLE `action_state-authority` ENABLE KEYS */;
UNLOCK TABLES;

--
-- Table structure for table `actions`
--

DROP TABLE IF EXISTS `actions`;
/*!40101 SET @saved_cs_client     = @@character_set_client */;
/*!40101 SET character_set_client = utf8 */;
CREATE TABLE `actions` (
  `id` bigint(20) NOT NULL AUTO_INCREMENT,
  `complaint_to_state_authority` text,
  `response_from_state_authority` text,
  `complaint_to_international_authority` text,
  `response_from_international_authority` text,
  PRIMARY KEY (`id`)
) ENGINE=InnoDB AUTO_INCREMENT=2 DEFAULT CHARSET=latin1;
/*!40101 SET character_set_client = @saved_cs_client */;

--
-- Dumping data for table `actions`
--

LOCK TABLES `actions` WRITE;
/*!40000 ALTER TABLE `actions` DISABLE KEYS */;
INSERT INTO `actions` VALUES (1,'When will winter arrive?','Stop asking that!','Please stop spying on us!','What we need is more oversight and better legislation to…');
/*!40000 ALTER TABLE `actions` ENABLE KEYS */;
UNLOCK TABLES;

--
-- Table structure for table `actor_location`
--

DROP TABLE IF EXISTS `actor_location`;
/*!40101 SET @saved_cs_client     = @@character_set_client */;
/*!40101 SET character_set_client = utf8 */;
CREATE TABLE `actor_location` (
  `actor_id` bigint(20) DEFAULT NULL,
  `location_id` bigint(20) DEFAULT NULL,
  KEY `actor_id` (`actor_id`),
  KEY `location_id` (`location_id`),
  CONSTRAINT `actor_location_ibfk_1` FOREIGN KEY (`actor_id`) REFERENCES `actors` (`id`),
  CONSTRAINT `actor_location_ibfk_2` FOREIGN KEY (`location_id`) REFERENCES `locations` (`id`)
) ENGINE=InnoDB DEFAULT CHARSET=latin1;
/*!40101 SET character_set_client = @saved_cs_client */;

--
-- Dumping data for table `actor_location`
--

LOCK TABLES `actor_location` WRITE;
/*!40000 ALTER TABLE `actor_location` DISABLE KEYS */;
INSERT INTO `actor_location` VALUES (3,4),(1,5),(4,1),(4,2);
/*!40000 ALTER TABLE `actor_location` ENABLE KEYS */;
UNLOCK TABLES;

--
-- Table structure for table `actor_organisation`
--

DROP TABLE IF EXISTS `actor_organisation`;
/*!40101 SET @saved_cs_client     = @@character_set_client */;
/*!40101 SET character_set_client = utf8 */;
CREATE TABLE `actor_organisation` (
  `actor_id` bigint(20) DEFAULT NULL,
  `organisation_id` bigint(20) DEFAULT NULL,
  KEY `actor_id` (`actor_id`),
  KEY `organisation_id` (`organisation_id`),
  CONSTRAINT `actor_organisation_ibfk_1` FOREIGN KEY (`actor_id`) REFERENCES `actors` (`id`),
  CONSTRAINT `actor_organisation_ibfk_2` FOREIGN KEY (`organisation_id`) REFERENCES `organisations` (`id`)
) ENGINE=InnoDB DEFAULT CHARSET=latin1;
/*!40101 SET character_set_client = @saved_cs_client */;

--
-- Dumping data for table `actor_organisation`
--

LOCK TABLES `actor_organisation` WRITE;
/*!40000 ALTER TABLE `actor_organisation` DISABLE KEYS */;
INSERT INTO `actor_organisation` VALUES (2,2),(3,3),(1,1),(3,1),(4,1);
/*!40000 ALTER TABLE `actor_organisation` ENABLE KEYS */;
UNLOCK TABLES;

--
-- Table structure for table `actor_profession`
--

DROP TABLE IF EXISTS `actor_profession`;
/*!40101 SET @saved_cs_client     = @@character_set_client */;
/*!40101 SET character_set_client = utf8 */;
CREATE TABLE `actor_profession` (
  `actor_id` bigint(20) DEFAULT NULL,
  `profession_id` bigint(20) DEFAULT NULL,
  KEY `actor_id` (`actor_id`),
  KEY `profession_id` (`profession_id`),
  CONSTRAINT `actor_profession_ibfk_1` FOREIGN KEY (`actor_id`) REFERENCES `actors` (`id`),
  CONSTRAINT `actor_profession_ibfk_2` FOREIGN KEY (`profession_id`) REFERENCES `professions` (`id`)
) ENGINE=InnoDB DEFAULT CHARSET=latin1;
/*!40101 SET character_set_client = @saved_cs_client */;

--
-- Dumping data for table `actor_profession`
--

LOCK TABLES `actor_profession` WRITE;
/*!40000 ALTER TABLE `actor_profession` DISABLE KEYS */;
INSERT INTO `actor_profession` VALUES (1,2),(3,2),(2,1),(3,3),(4,3),(4,4);
/*!40000 ALTER TABLE `actor_profession` ENABLE KEYS */;
UNLOCK TABLES;

--
-- Table structure for table `actors`
--

DROP TABLE IF EXISTS `actors`;
/*!40101 SET @saved_cs_client     = @@character_set_client */;
/*!40101 SET character_set_client = utf8 */;
CREATE TABLE `actors` (
  `id` bigint(20) NOT NULL AUTO_INCREMENT,
  `name` varchar(200) NOT NULL,
  `birth_date` date NOT NULL,
  `telephone` varchar(16) DEFAULT NULL,
  `address` varchar(250) NOT NULL,
  `gender` text NOT NULL,
  `is_activist` tinyint(1) NOT NULL,
  `activist_info` text,
  `owner_id` bigint(20) NOT NULL,
  `public` tinyint(1) NOT NULL,
  PRIMARY KEY (`id`),
  KEY `owner_id` (`owner_id`),
  CONSTRAINT `actors_ibfk_1` FOREIGN KEY (`owner_id`) REFERENCES `users` (`id`)
) ENGINE=InnoDB AUTO_INCREMENT=5 DEFAULT CHARSET=latin1;
/*!40101 SET character_set_client = @saved_cs_client */;

--
-- Dumping data for table `actors`
--

LOCK TABLES `actors` WRITE;
/*!40000 ALTER TABLE `actors` DISABLE KEYS */;
INSERT INTO `actors` VALUES (1,'Frank Flam','1986-01-12','123 456-1234','Toronto, ON, Canada','1',0,'N/A',3,0),(2,'Keith Alexander','1951-12-02','911 321-0987','Uknown','1',0,'Previous director general of NSA',3,0),(3,'Anne Mary','1977-04-21','010 101-1010','London, England','0',1,'Carries out investigative journalism ',3,0),(4,'adsadasdaa','2015-05-01','5142684308','4571 Parc Ave.','F',0,'',3,0);
/*!40000 ALTER TABLE `actors` ENABLE KEYS */;
UNLOCK TABLES;

--
-- Table structure for table `event_location`
--

DROP TABLE IF EXISTS `event_location`;
/*!40101 SET @saved_cs_client     = @@character_set_client */;
/*!40101 SET character_set_client = utf8 */;
CREATE TABLE `event_location` (
  `event_id` bigint(20) DEFAULT NULL,
  `location_id` bigint(20) DEFAULT NULL,
  KEY `event_id` (`event_id`),
  KEY `location_id` (`location_id`),
  CONSTRAINT `event_location_ibfk_1` FOREIGN KEY (`event_id`) REFERENCES `events` (`id`),
  CONSTRAINT `event_location_ibfk_2` FOREIGN KEY (`location_id`) REFERENCES `locations` (`id`)
) ENGINE=InnoDB DEFAULT CHARSET=latin1;
/*!40101 SET character_set_client = @saved_cs_client */;

--
-- Dumping data for table `event_location`
--

LOCK TABLES `event_location` WRITE;
/*!40000 ALTER TABLE `event_location` DISABLE KEYS */;
INSERT INTO `event_location` VALUES (1,1),(85,4),(48,2),(84,5),(15,2),(53,3),(56,4),(90,5),(79,2),(16,3),(39,5),(54,5),(20,5),(47,2),(4,2),(10,4),(17,2),(50,3),(40,3),(55,4),(87,5),(18,3),(41,4),(81,5),(12,2),(31,3),(88,5),(6,2),(42,4),(32,2),(82,5),(34,3),(33,4),(13,2),(29,4),(14,5),(83,5),(89,5),(58,3),(19,2),(86,4),(96,3),(59,3),(65,4),(45,3),(80,2),(21,2),(78,1),(44,5),(27,2),(76,5),(72,5),(97,3),(38,4),(66,2),(22,4),(11,4),(3,3),(60,3),(73,1),(98,5),(67,4),(92,5),(51,4),(35,5),(61,4),(23,2),(74,2),(99,1),(68,3),(49,5),(36,3),(62,4),(52,5),(93,5),(24,5),(75,2),(100,5),(77,1),(69,1),(94,1),(46,1),(37,2),(63,2),(91,5),(25,3),(8,3),(30,4),(101,1),(9,1),(70,2),(95,5),(2,1),(71,3),(57,3),(43,5),(64,1),(5,3),(7,5),(26,2),(28,2),(854,2),(806,4),(229,1),(139,3),(645,5),(384,3),(397,1),(861,2),(108,4),(691,4),(720,2),(526,1),(594,4),(176,1),(507,1),(343,2),(444,4),(236,5),(849,5),(438,3),(896,4),(307,3),(230,5),(310,3),(665,3),(752,1),(745,1),(595,5),(407,1),(508,3),(670,1),(237,2),(850,3),(439,5),(231,4),(863,2),(542,2),(877,2),(596,1),(408,5),(446,5),(392,1),(238,4),(498,3),(851,2),(440,1),(332,4),(115,3),(648,3),(778,2),(864,3),(827,3),(597,1),(409,5),(447,5),(534,5),(791,4),(239,3),(679,4),(852,3),(441,2),(677,4),(233,4),(865,3),(452,4),(598,2),(881,4),(469,2),(636,1),(347,4),(296,4),(511,5),(240,4),(622,4),(853,5),(302,3),(442,5),(855,5),(234,4),(866,2),(574,4),(599,3),(716,2),(726,2),(348,3),(449,1),(821,3),(382,1),(750,5),(785,3),(611,1),(406,5),(195,3),(177,2),(880,3),(450,2),(194,4),(836,1),(223,2),(786,5),(137,1),(198,4),(897,2),(614,5),(318,5),(288,3),(763,5),(312,1),(192,5),(659,5),(858,3),(576,3),(224,1),(894,5),(837,1),(199,1),(761,3),(615,4),(500,2),(319,1),(847,1),(313,1),(404,1),(808,2),(193,1),(414,2),(780,3),(577,5),(225,1),(891,4),(838,2),(317,2),(694,4),(333,1),(616,5),(418,5),(320,2),(818,2),(484,2),(143,3),(119,1),(668,2),(578,5),(892,5),(751,3),(680,2),(136,5),(796,3),(201,2),(153,3),(321,4),(848,4),(226,3),(485,1),(144,1),(558,5),(184,2),(579,4),(454,1),(245,5),(840,5),(696,1),(734,2),(618,1),(309,5),(367,3),(316,5),(145,2),(695,4),(531,1),(669,2),(580,1),(474,4),(455,4),(550,3),(581,5),(191,4),(203,2),(172,1),(323,5),(394,2),(875,2),(178,4),(842,5),(503,5),(617,4),(715,4),(349,2),(787,4),(811,5),(538,1),(856,4),(494,3),(662,1),(667,1),(488,1),(718,1),(283,1),(292,5),(608,1),(147,4),(898,1),(746,2),(173,1),(564,2),(711,3),(128,3),(762,4),(350,3),(812,5),(519,1),(293,5),(633,3),(571,4),(747,4),(781,1),(132,5),(106,5),(121,2),(844,5),(334,3),(888,2),(813,1),(458,2),(675,1),(490,2),(609,4),(364,3),(654,4),(114,2),(339,4),(134,1),(566,5),(681,1),(541,3),(352,2),(273,5),(814,3),(227,4),(676,2),(491,1),(559,4),(365,1),(354,3),(655,1),(754,2),(340,1),(567,2),(846,2),(735,4),(353,5),(815,3),(129,5),(183,2),(202,1),(366,5),(536,2),(656,2),(341,4),(568,3),(152,1),(816,3),(133,1),(499,5),(544,5),(345,4),(355,3),(493,2),(324,2),(130,2),(386,5),(322,5),(509,3),(118,5),(146,1),(117,1),(266,4),(872,4),(431,4),(124,3),(698,5),(767,1),(116,3),(803,5),(588,3),(899,1),(625,5),(135,1),(671,4),(356,5),(520,1),(828,4),(432,1),(336,2),(782,2),(804,1),(768,1),(255,2),(589,2),(817,3),(626,3),(171,2),(396,1),(256,5),(357,3),(232,5),(521,5),(274,5),(433,1),(162,5),(769,5),(251,2),(901,1),(627,3),(601,2),(788,1),(257,4),(358,5),(228,3),(522,1),(207,4),(434,5),(163,2),(770,1),(380,5),(591,3),(661,5),(628,1),(736,1),(258,3),(359,1),(699,5),(149,4),(523,5),(197,2),(885,5),(435,1),(443,1),(403,5),(164,5),(771,1),(592,1),(629,3),(259,4),(586,4),(346,2),(314,4),(524,1),(777,5),(437,3),(325,3),(105,2),(436,2),(210,2),(160,1),(843,5),(487,2),(704,5),(587,2),(789,2),(593,2),(890,5),(879,5),(630,4),(109,4),(456,5),(826,5),(867,1),(248,1),(900,2),(871,1),(393,1),(739,3),(204,5),(733,1),(721,3),(764,5),(573,3),(835,1),(425,5),(792,5),(797,2),(154,1),(482,3),(419,4),(873,5),(305,1),(640,5),(783,1),(457,3),(249,1),(672,1),(205,4),(532,5),(514,4),(470,4),(569,2),(426,4),(649,3),(728,3),(678,1),(155,2),(583,5),(420,5),(329,3),(306,3),(123,2),(395,3),(683,1),(206,2),(141,4),(515,5),(471,5),(427,1),(729,1),(799,4),(208,3),(126,5),(278,1),(658,2),(459,4),(127,3),(886,3),(122,3),(516,5),(737,4),(666,3),(472,2),(290,3),(428,5),(700,4),(730,5),(308,3),(157,4),(218,4),(422,2),(460,2),(138,4),(252,4),(533,1),(286,2),(561,4),(253,5),(517,4),(298,4),(110,1),(473,5),(859,1),(410,2),(731,1),(158,3),(805,2),(423,1),(612,3),(161,2),(461,2),(860,2),(684,2),(820,5),(120,5),(209,2),(790,3),(311,5),(634,3),(462,4),(518,1),(613,3),(732,3),(802,5),(801,3),(486,1),(374,5),(590,1),(179,4),(330,4),(753,5),(765,3),(560,2),(166,1),(185,1),(646,2),(362,1),(242,3),(551,2),(784,5),(869,2),(530,5),(673,4),(113,3),(868,4),(381,5),(375,3),(825,1),(331,2),(650,1),(186,3),(276,5),(845,5),(823,5),(552,3),(337,4),(689,4),(398,4),(647,5),(401,5),(492,3),(686,5),(674,1),(376,3),(168,2),(893,1),(187,1),(882,1),(717,2),(244,4),(637,5),(553,2),(582,5),(723,1),(402,1),(631,5),(738,4),(377,1),(297,4),(125,5),(169,4),(701,5),(188,1),(405,2),(539,1),(682,5),(623,1),(140,3),(554,5),(651,2),(383,3),(289,5),(652,5),(254,5),(495,2),(378,5),(170,1),(388,5),(430,3),(189,2),(315,3),(327,1),(246,1),(555,1),(798,4),(687,5),(841,5),(830,2),(512,4),(690,2),(635,1),(379,5),(335,5),(887,5),(190,5),(874,3),(621,4),(424,2),(247,4),(829,4),(624,2),(200,4),(774,1),(510,1),(291,5),(180,2),(895,1),(708,4),(448,5),(235,1),(535,3),(707,3),(760,2),(361,1),(570,4),(363,2),(475,2),(412,2),(639,2),(653,4),(280,3),(429,3),(463,3),(545,2),(501,5),(585,2),(740,5),(476,5),(413,2),(338,4),(299,1),(697,2),(104,3),(326,3),(480,5),(883,2),(103,5),(794,2),(281,3),(772,3),(464,5),(565,2),(793,5),(546,5),(502,2),(660,1),(741,2),(477,3),(758,4),(300,1),(641,2),(275,5),(421,5),(562,3),(724,4),(465,5),(702,4),(547,4),(282,5),(540,1),(742,3),(478,2),(483,2),(301,2),(400,2),(870,2),(709,1),(525,5),(351,5),(713,5),(529,3),(250,5),(548,5),(241,5),(504,3),(807,4),(453,3),(743,4),(479,5),(466,3),(342,2),(643,5),(800,3),(822,3),(857,2),(706,2),(839,1),(766,2),(467,4),(549,5),(884,1),(719,4),(505,5),(810,3),(159,2),(744,4),(809,5),(417,5),(584,4),(303,4),(725,4),(285,3),(181,3),(304,5),(506,4),(620,4),(575,3),(468,1),(644,1),(557,5),(148,1),(107,4),(497,5),(600,2),(692,4),(607,3),(385,4),(819,1),(267,2),(368,2),(527,4),(528,5),(773,3),(387,3),(261,3),(360,4),(776,1),(217,3),(175,1),(211,5),(112,5),(481,2),(755,3),(712,3),(795,4),(889,1),(268,1),(878,2),(369,4),(489,3),(876,5),(632,1),(556,5),(262,1),(664,3),(111,3),(279,4),(831,2),(411,1),(212,1),(602,5),(563,4),(399,4),(756,1),(705,5),(775,4),(543,1),(370,5),(703,2),(572,2),(389,5),(513,1),(263,2),(294,5),(156,4),(219,3),(196,2),(537,2),(832,2),(269,3),(727,5),(213,1),(663,1),(603,4),(284,2),(757,1),(151,2),(722,1),(270,4),(371,5),(167,2),(610,1),(390,5),(165,4),(264,5),(779,1),(415,5),(220,5),(287,1),(833,4),(642,3),(328,1),(416,5),(214,1),(174,4),(604,4),(496,3),(102,1),(714,3),(271,2),(657,4),(710,4),(372,5),(749,5),(391,1),(265,5),(142,3),(451,3),(221,3),(834,1),(277,1),(295,4),(215,5),(182,4),(131,2),(605,2),(824,5),(688,1),(759,2),(862,5),(243,5),(272,1),(373,5),(260,2),(748,1),(606,5),(685,3),(216,1),(445,4),(150,3),(222,2),(619,5),(638,2),(344,5),(693,1);
/*!40000 ALTER TABLE `event_location` ENABLE KEYS */;
UNLOCK TABLES;

--
-- Table structure for table `event_perpetrator`
--

DROP TABLE IF EXISTS `event_perpetrator`;
/*!40101 SET @saved_cs_client     = @@character_set_client */;
/*!40101 SET character_set_client = utf8 */;
CREATE TABLE `event_perpetrator` (
  `event_id` bigint(20) DEFAULT NULL,
  `perpetrator_id` bigint(20) DEFAULT NULL,
  KEY `event_id` (`event_id`),
  KEY `perpetrator_id` (`perpetrator_id`),
  CONSTRAINT `event_perpetrator_ibfk_1` FOREIGN KEY (`event_id`) REFERENCES `events` (`id`),
  CONSTRAINT `event_perpetrator_ibfk_2` FOREIGN KEY (`perpetrator_id`) REFERENCES `actors` (`id`)
) ENGINE=InnoDB DEFAULT CHARSET=latin1;
/*!40101 SET character_set_client = @saved_cs_client */;

--
-- Dumping data for table `event_perpetrator`
--

LOCK TABLES `event_perpetrator` WRITE;
/*!40000 ALTER TABLE `event_perpetrator` DISABLE KEYS */;
INSERT INTO `event_perpetrator` VALUES (1,2),(85,2),(48,2),(84,2),(15,2),(53,2),(56,2),(90,2),(79,2),(16,2),(39,2),(54,2),(20,2),(47,2),(4,2),(10,2),(17,2),(50,2),(40,2),(55,2),(87,2),(18,2),(41,2),(81,2),(12,2),(31,2),(88,2),(6,2),(42,2),(32,2),(82,2),(34,2),(33,2),(13,2),(29,2),(14,2),(83,2),(89,2),(58,2),(19,2),(86,2),(96,2),(59,2),(65,2),(45,2),(80,2),(21,2),(78,2),(44,2),(27,2),(76,2),(72,2),(97,2),(38,2),(66,2),(22,2),(11,2),(3,2),(60,2),(73,2),(98,2),(67,2),(92,2),(51,2),(35,2),(61,2),(23,2),(74,2),(99,2),(68,2),(49,2),(36,2),(62,2),(52,2),(93,2),(24,2),(75,2),(100,2),(77,2),(69,2),(94,2),(46,2),(37,2),(63,2),(91,2),(25,2),(8,2),(30,2),(101,2),(9,2),(70,2),(95,2),(2,2),(71,2),(57,2),(43,2),(64,2),(5,2),(7,2),(26,2),(28,2),(854,2),(806,2),(229,2),(139,2),(645,2),(384,2),(397,2),(861,2),(108,2),(691,2),(720,2),(526,2),(594,2),(176,2),(507,2),(343,2),(444,2),(236,2),(849,2),(438,2),(896,2),(307,2),(230,2),(310,2),(665,2),(752,2),(745,2),(595,2),(407,2),(508,2),(670,2),(237,2),(850,2),(439,2),(231,2),(863,2),(542,2),(877,2),(596,2),(408,2),(446,2),(392,2),(238,2),(498,2),(851,2),(440,2),(332,2),(115,2),(648,2),(778,2),(864,2),(827,2),(597,2),(409,2),(447,2),(534,2),(791,2),(239,2),(679,2),(852,2),(441,2),(677,2),(233,2),(865,2),(452,2),(598,2),(881,2),(469,2),(636,2),(347,2),(296,2),(511,2),(240,2),(622,2),(853,2),(302,2),(442,2),(855,2),(234,2),(866,2),(574,2),(599,2),(716,2),(726,2),(348,2),(449,2),(821,2),(382,2),(750,2),(785,2),(611,2),(406,2),(195,2),(177,2),(880,2),(450,2),(194,2),(836,2),(223,2),(786,2),(137,2),(198,2),(897,2),(614,2),(318,2),(288,2),(763,2),(312,2),(192,2),(659,2),(858,2),(576,2),(224,2),(894,2),(837,2),(199,2),(761,2),(615,2),(500,2),(319,2),(847,2),(313,2),(404,2),(808,2),(193,2),(414,2),(780,2),(577,2),(225,2),(891,2),(838,2),(317,2),(694,2),(333,2),(616,2),(418,2),(320,2),(818,2),(484,2),(143,2),(119,2),(668,2),(578,2),(892,2),(751,2),(680,2),(136,2),(796,2),(201,2),(153,2),(321,2),(848,2),(226,2),(485,2),(144,2),(558,2),(184,2),(579,2),(454,2),(245,2),(840,2),(696,2),(734,2),(618,2),(309,2),(367,2),(316,2),(145,2),(695,2),(531,2),(669,2),(580,2),(474,2),(455,2),(550,2),(581,2),(191,2),(203,2),(172,2),(323,2),(394,2),(875,2),(178,2),(842,2),(503,2),(617,2),(715,2),(349,2),(787,2),(811,2),(538,2),(856,2),(494,2),(662,2),(667,2),(488,2),(718,2),(283,2),(292,2),(608,2),(147,2),(898,2),(746,2),(173,2),(564,2),(711,2),(128,2),(762,2),(350,2),(812,2),(519,2),(293,2),(633,2),(571,2),(747,2),(781,2),(132,2),(106,2),(121,2),(844,2),(334,2),(888,2),(813,2),(458,2),(675,2),(490,2),(609,2),(364,2),(654,2),(114,2),(339,2),(134,2),(566,2),(681,2),(541,2),(352,2),(273,2),(814,2),(227,2),(676,2),(491,2),(559,2),(365,2),(354,2),(655,2),(754,2),(340,2),(567,2),(846,2),(735,2),(353,2),(815,2),(129,2),(183,2),(202,2),(366,2),(536,2),(656,2),(341,2),(568,2),(152,2),(816,2),(133,2),(499,2),(544,2),(345,2),(355,2),(493,2),(324,2),(130,2),(386,2),(322,2),(509,2),(118,2),(146,2),(117,2),(266,2),(872,2),(431,2),(124,2),(698,2),(767,2),(116,2),(803,2),(588,2),(899,2),(625,2),(135,2),(671,2),(356,2),(520,2),(828,2),(432,2),(336,2),(782,2),(804,2),(768,2),(255,2),(589,2),(817,2),(626,2),(171,2),(396,2),(256,2),(357,2),(232,2),(521,2),(274,2),(433,2),(162,2),(769,2),(251,2),(901,2),(627,2),(601,2),(788,2),(257,2),(358,2),(228,2),(522,2),(207,2),(434,2),(163,2),(770,2),(380,2),(591,2),(661,2),(628,2),(736,2),(258,2),(359,2),(699,2),(149,2),(523,2),(197,2),(885,2),(435,2),(443,2),(403,2),(164,2),(771,2),(592,2),(629,2),(259,2),(586,2),(346,2),(314,2),(524,2),(777,2),(437,2),(325,2),(105,2),(436,2),(210,2),(160,2),(843,2),(487,2),(704,2),(587,2),(789,2),(593,2),(890,2),(879,2),(630,2),(109,2),(456,2),(826,2),(867,2),(248,2),(900,2),(871,2),(393,2),(739,2),(204,2),(733,2),(721,2),(764,2),(573,2),(835,2),(425,2),(792,2),(797,2),(154,2),(482,2),(419,2),(873,2),(305,2),(640,2),(783,2),(457,2),(249,2),(672,2),(205,2),(532,2),(514,2),(470,2),(569,2),(426,2),(649,2),(728,2),(678,2),(155,2),(583,2),(420,2),(329,2),(306,2),(123,2),(395,2),(683,2),(206,2),(141,2),(515,2),(471,2),(427,2),(729,2),(799,2),(208,2),(126,2),(278,2),(658,2),(459,2),(127,2),(886,2),(122,2),(516,2),(737,2),(666,2),(472,2),(290,2),(428,2),(700,2),(730,2),(308,2),(157,2),(218,2),(422,2),(460,2),(138,2),(252,2),(533,2),(286,2),(561,2),(253,2),(517,2),(298,2),(110,2),(473,2),(859,2),(410,2),(731,2),(158,2),(805,2),(423,2),(612,2),(161,2),(461,2),(860,2),(684,2),(820,2),(120,2),(209,2),(790,2),(311,2),(634,2),(462,2),(518,2),(613,2),(732,2),(802,2),(801,2),(486,2),(374,2),(590,2),(179,2),(330,2),(753,2),(765,2),(560,2),(166,2),(185,2),(646,2),(362,2),(242,2),(551,2),(784,2),(869,2),(530,2),(673,2),(113,2),(868,2),(381,2),(375,2),(825,2),(331,2),(650,2),(186,2),(276,2),(845,2),(823,2),(552,2),(337,2),(689,2),(398,2),(647,2),(401,2),(492,2),(686,2),(674,2),(376,2),(168,2),(893,2),(187,2),(882,2),(717,2),(244,2),(637,2),(553,2),(582,2),(723,2),(402,2),(631,2),(738,2),(377,2),(297,2),(125,2),(169,2),(701,2),(188,2),(405,2),(539,2),(682,2),(623,2),(140,2),(554,2),(651,2),(383,2),(289,2),(652,2),(254,2),(495,2),(378,2),(170,2),(388,2),(430,2),(189,2),(315,2),(327,2),(246,2),(555,2),(798,2),(687,2),(841,2),(830,2),(512,2),(690,2),(635,2),(379,2),(335,2),(887,2),(190,2),(874,2),(621,2),(424,2),(247,2),(829,2),(624,2),(200,2),(774,2),(510,2),(291,2),(180,2),(895,2),(708,2),(448,2),(235,2),(535,2),(707,2),(760,2),(361,2),(570,2),(363,2),(475,2),(412,2),(639,2),(653,2),(280,2),(429,2),(463,2),(545,2),(501,2),(585,2),(740,2),(476,2),(413,2),(338,2),(299,2),(697,2),(104,2),(326,2),(480,2),(883,2),(103,2),(794,2),(281,2),(772,2),(464,2),(565,2),(793,2),(546,2),(502,2),(660,2),(741,2),(477,2),(758,2),(300,2),(641,2),(275,2),(421,2),(562,2),(724,2),(465,2),(702,2),(547,2),(282,2),(540,2),(742,2),(478,2),(483,2),(301,2),(400,2),(870,2),(709,2),(525,2),(351,2),(713,2),(529,2),(250,2),(548,2),(241,2),(504,2),(807,2),(453,2),(743,2),(479,2),(466,2),(342,2),(643,2),(800,2),(822,2),(857,2),(706,2),(839,2),(766,2),(467,2),(549,2),(884,2),(719,2),(505,2),(810,2),(159,2),(744,2),(809,2),(417,2),(584,2),(303,2),(725,2),(285,2),(181,2),(304,2),(506,2),(620,2),(575,2),(468,2),(644,2),(557,2),(148,2),(107,2),(497,2),(600,2),(692,2),(607,2),(385,2),(819,2),(267,2),(368,2),(527,2),(528,2),(773,2),(387,2),(261,2),(360,2),(776,2),(217,2),(175,2),(211,2),(112,2),(481,2),(755,2),(712,2),(795,2),(889,2),(268,2),(878,2),(369,2),(489,2),(876,2),(632,2),(556,2),(262,2),(664,2),(111,2),(279,2),(831,2),(411,2),(212,2),(602,2),(563,2),(399,2),(756,2),(705,2),(775,2),(543,2),(370,2),(703,2),(572,2),(389,2),(513,2),(263,2),(294,2),(156,2),(219,2),(196,2),(537,2),(832,2),(269,2),(727,2),(213,2),(663,2),(603,2),(284,2),(757,2),(151,2),(722,2),(270,2),(371,2),(167,2),(610,2),(390,2),(165,2),(264,2),(779,2),(415,2),(220,2),(287,2),(833,2),(642,2),(328,2),(416,2),(214,2),(174,2),(604,2),(496,2),(102,2),(714,2),(271,2),(657,2),(710,2),(372,2),(749,2),(391,2),(265,2),(142,2),(451,2),(221,2),(834,2),(277,2),(295,2),(215,2),(182,2),(131,2),(605,2),(824,2),(688,2),(759,2),(862,2),(243,2),(272,2),(373,2),(260,2),(748,2),(606,2),(685,2),(216,2),(445,2),(150,2),(222,2),(619,2),(638,2),(344,2),(693,2);
/*!40000 ALTER TABLE `event_perpetrator` ENABLE KEYS */;
UNLOCK TABLES;

--
-- Table structure for table `event_prison`
--

DROP TABLE IF EXISTS `event_prison`;
/*!40101 SET @saved_cs_client     = @@character_set_client */;
/*!40101 SET character_set_client = utf8 */;
CREATE TABLE `event_prison` (
  `event_id` bigint(20) DEFAULT NULL,
  `prison_id` bigint(20) DEFAULT NULL,
  KEY `event_id` (`event_id`),
  KEY `prison_id` (`prison_id`),
  CONSTRAINT `event_prison_ibfk_1` FOREIGN KEY (`event_id`) REFERENCES `events` (`id`),
  CONSTRAINT `event_prison_ibfk_2` FOREIGN KEY (`prison_id`) REFERENCES `prisons` (`id`)
) ENGINE=InnoDB DEFAULT CHARSET=latin1;
/*!40101 SET character_set_client = @saved_cs_client */;

--
-- Dumping data for table `event_prison`
--

LOCK TABLES `event_prison` WRITE;
/*!40000 ALTER TABLE `event_prison` DISABLE KEYS */;
INSERT INTO `event_prison` VALUES (1,1),(85,1),(48,1),(84,1),(15,1),(53,1),(56,1),(90,1),(79,1),(16,1),(39,1),(54,1),(20,1),(47,1),(4,1),(10,1),(17,1),(50,1),(40,1),(55,1),(87,1),(18,1),(41,1),(81,1),(12,1),(31,1),(88,1),(6,1),(42,1),(32,1),(82,1),(34,1),(33,1),(13,1),(29,1),(14,1),(83,1),(89,1),(58,1),(19,1),(86,1),(96,1),(59,1),(65,1),(45,1),(80,1),(21,1),(78,1),(44,1),(27,1),(76,1),(72,1),(97,1),(38,1),(66,1),(22,1),(11,1),(3,1),(60,1),(73,1),(98,1),(67,1),(92,1),(51,1),(35,1),(61,1),(23,1),(74,1),(99,1),(68,1),(49,1),(36,1),(62,1),(52,1),(93,1),(24,1),(75,1),(100,1),(77,1),(69,1),(94,1),(46,1),(37,1),(63,1),(91,1),(25,1),(8,1),(30,1),(101,1),(9,1),(70,1),(95,1),(2,1),(71,1),(57,1),(43,1),(64,1),(5,1),(7,1),(26,1),(28,1),(854,1),(806,1),(229,1),(139,1),(645,1),(384,1),(397,1),(861,1),(108,1),(691,1),(720,1),(526,1),(594,1),(176,1),(507,1),(343,1),(444,1),(236,1),(849,1),(438,1),(896,1),(307,1),(230,1),(310,1),(665,1),(752,1),(745,1),(595,1),(407,1),(508,1),(670,1),(237,1),(850,1),(439,1),(231,1),(863,1),(542,1),(877,1),(596,1),(408,1),(446,1),(392,1),(238,1),(498,1),(851,1),(440,1),(332,1),(115,1),(648,1),(778,1),(864,1),(827,1),(597,1),(409,1),(447,1),(534,1),(791,1),(239,1),(679,1),(852,1),(441,1),(677,1),(233,1),(865,1),(452,1),(598,1),(881,1),(469,1),(636,1),(347,1),(296,1),(511,1),(240,1),(622,1),(853,1),(302,1),(442,1),(855,1),(234,1),(866,1),(574,1),(599,1),(716,1),(726,1),(348,1),(449,1),(821,1),(382,1),(750,1),(785,1),(611,1),(406,1),(195,1),(177,1),(880,1),(450,1),(194,1),(836,1),(223,1),(786,1),(137,1),(198,1),(897,1),(614,1),(318,1),(288,1),(763,1),(312,1),(192,1),(659,1),(858,1),(576,1),(224,1),(894,1),(837,1),(199,1),(761,1),(615,1),(500,1),(319,1),(847,1),(313,1),(404,1),(808,1),(193,1),(414,1),(780,1),(577,1),(225,1),(891,1),(838,1),(317,1),(694,1),(333,1),(616,1),(418,1),(320,1),(818,1),(484,1),(143,1),(119,1),(668,1),(578,1),(892,1),(751,1),(680,1),(136,1),(796,1),(201,1),(153,1),(321,1),(848,1),(226,1),(485,1),(144,1),(558,1),(184,1),(579,1),(454,1),(245,1),(840,1),(696,1),(734,1),(618,1),(309,1),(367,1),(316,1),(145,1),(695,1),(531,1),(669,1),(580,1),(474,1),(455,1),(550,1),(581,1),(191,1),(203,1),(172,1),(323,1),(394,1),(875,1),(178,1),(842,1),(503,1),(617,1),(715,1),(349,1),(787,1),(811,1),(538,1),(856,1),(494,1),(662,1),(667,1),(488,1),(718,1),(283,1),(292,1),(608,1),(147,1),(898,1),(746,1),(173,1),(564,1),(711,1),(128,1),(762,1),(350,1),(812,1),(519,1),(293,1),(633,1),(571,1),(747,1),(781,1),(132,1),(106,1),(121,1),(844,1),(334,1),(888,1),(813,1),(458,1),(675,1),(490,1),(609,1),(364,1),(654,1),(114,1),(339,1),(134,1),(566,1),(681,1),(541,1),(352,1),(273,1),(814,1),(227,1),(676,1),(491,1),(559,1),(365,1),(354,1),(655,1),(754,1),(340,1),(567,1),(846,1),(735,1),(353,1),(815,1),(129,1),(183,1),(202,1),(366,1),(536,1),(656,1),(341,1),(568,1),(152,1),(816,1),(133,1),(499,1),(544,1),(345,1),(355,1),(493,1),(324,1),(130,1),(386,1),(322,1),(509,1),(118,1),(146,1),(117,1),(266,1),(872,1),(431,1),(124,1),(698,1),(767,1),(116,1),(803,1),(588,1),(899,1),(625,1),(135,1),(671,1),(356,1),(520,1),(828,1),(432,1),(336,1),(782,1),(804,1),(768,1),(255,1),(589,1),(817,1),(626,1),(171,1),(396,1),(256,1),(357,1),(232,1),(521,1),(274,1),(433,1),(162,1),(769,1),(251,1),(901,1),(627,1),(601,1),(788,1),(257,1),(358,1),(228,1),(522,1),(207,1),(434,1),(163,1),(770,1),(380,1),(591,1),(661,1),(628,1),(736,1),(258,1),(359,1),(699,1),(149,1),(523,1),(197,1),(885,1),(435,1),(443,1),(403,1),(164,1),(771,1),(592,1),(629,1),(259,1),(586,1),(346,1),(314,1),(524,1),(777,1),(437,1),(325,1),(105,1),(436,1),(210,1),(160,1),(843,1),(487,1),(704,1),(587,1),(789,1),(593,1),(890,1),(879,1),(630,1),(109,1),(456,1),(826,1),(867,1),(248,1),(900,1),(871,1),(393,1),(739,1),(204,1),(733,1),(721,1),(764,1),(573,1),(835,1),(425,1),(792,1),(797,1),(154,1),(482,1),(419,1),(873,1),(305,1),(640,1),(783,1),(457,1),(249,1),(672,1),(205,1),(532,1),(514,1),(470,1),(569,1),(426,1),(649,1),(728,1),(678,1),(155,1),(583,1),(420,1),(329,1),(306,1),(123,1),(395,1),(683,1),(206,1),(141,1),(515,1),(471,1),(427,1),(729,1),(799,1),(208,1),(126,1),(278,1),(658,1),(459,1),(127,1),(886,1),(122,1),(516,1),(737,1),(666,1),(472,1),(290,1),(428,1),(700,1),(730,1),(308,1),(157,1),(218,1),(422,1),(460,1),(138,1),(252,1),(533,1),(286,1),(561,1),(253,1),(517,1),(298,1),(110,1),(473,1),(859,1),(410,1),(731,1),(158,1),(805,1),(423,1),(612,1),(161,1),(461,1),(860,1),(684,1),(820,1),(120,1),(209,1),(790,1),(311,1),(634,1),(462,1),(518,1),(613,1),(732,1),(802,1),(801,1),(486,1),(374,1),(590,1),(179,1),(330,1),(753,1),(765,1),(560,1),(166,1),(185,1),(646,1),(362,1),(242,1),(551,1),(784,1),(869,1),(530,1),(673,1),(113,1),(868,1),(381,1),(375,1),(825,1),(331,1),(650,1),(186,1),(276,1),(845,1),(823,1),(552,1),(337,1),(689,1),(398,1),(647,1),(401,1),(492,1),(686,1),(674,1),(376,1),(168,1),(893,1),(187,1),(882,1),(717,1),(244,1),(637,1),(553,1),(582,1),(723,1),(402,1),(631,1),(738,1),(377,1),(297,1),(125,1),(169,1),(701,1),(188,1),(405,1),(539,1),(682,1),(623,1),(140,1),(554,1),(651,1),(383,1),(289,1),(652,1),(254,1),(495,1),(378,1),(170,1),(388,1),(430,1),(189,1),(315,1),(327,1),(246,1),(555,1),(798,1),(687,1),(841,1),(830,1),(512,1),(690,1),(635,1),(379,1),(335,1),(887,1),(190,1),(874,1),(621,1),(424,1),(247,1),(829,1),(624,1),(200,1),(774,1),(510,1),(291,1),(180,1),(895,1),(708,1),(448,1),(235,1),(535,1),(707,1),(760,1),(361,1),(570,1),(363,1),(475,1),(412,1),(639,1),(653,1),(280,1),(429,1),(463,1),(545,1),(501,1),(585,1),(740,1),(476,1),(413,1),(338,1),(299,1),(697,1),(104,1),(326,1),(480,1),(883,1),(103,1),(794,1),(281,1),(772,1),(464,1),(565,1),(793,1),(546,1),(502,1),(660,1),(741,1),(477,1),(758,1),(300,1),(641,1),(275,1),(421,1),(562,1),(724,1),(465,1),(702,1),(547,1),(282,1),(540,1),(742,1),(478,1),(483,1),(301,1),(400,1),(870,1),(709,1),(525,1),(351,1),(713,1),(529,1),(250,1),(548,1),(241,1),(504,1),(807,1),(453,1),(743,1),(479,1),(466,1),(342,1),(643,1),(800,1),(822,1),(857,1),(706,1),(839,1),(766,1),(467,1),(549,1),(884,1),(719,1),(505,1),(810,1),(159,1),(744,1),(809,1),(417,1),(584,1),(303,1),(725,1),(285,1),(181,1),(304,1),(506,1),(620,1),(575,1),(468,1),(644,1),(557,1),(148,1),(107,1),(497,1),(600,1),(692,1),(607,1),(385,1),(819,1),(267,1),(368,1),(527,1),(528,1),(773,1),(387,1),(261,1),(360,1),(776,1),(217,1),(175,1),(211,1),(112,1),(481,1),(755,1),(712,1),(795,1),(889,1),(268,1),(878,1),(369,1),(489,1),(876,1),(632,1),(556,1),(262,1),(664,1),(111,1),(279,1),(831,1),(411,1),(212,1),(602,1),(563,1),(399,1),(756,1),(705,1),(775,1),(543,1),(370,1),(703,1),(572,1),(389,1),(513,1),(263,1),(294,1),(156,1),(219,1),(196,1),(537,1),(832,1),(269,1),(727,1),(213,1),(663,1),(603,1),(284,1),(757,1),(151,1),(722,1),(270,1),(371,1),(167,1),(610,1),(390,1),(165,1),(264,1),(779,1),(415,1),(220,1),(287,1),(833,1),(642,1),(328,1),(416,1),(214,1),(174,1),(604,1),(496,1),(102,1),(714,1),(271,1),(657,1),(710,1),(372,1),(749,1),(391,1),(265,1),(142,1),(451,1),(221,1),(834,1),(277,1),(295,1),(215,1),(182,1),(131,1),(605,1),(824,1),(688,1),(759,1),(862,1),(243,1),(272,1),(373,1),(260,1),(748,1),(606,1),(685,1),(216,1),(445,1),(150,1),(222,1),(619,1),(638,1),(344,1),(693,1);
/*!40000 ALTER TABLE `event_prison` ENABLE KEYS */;
UNLOCK TABLES;

--
-- Table structure for table `event_release-type`
--

DROP TABLE IF EXISTS `event_release-type`;
/*!40101 SET @saved_cs_client     = @@character_set_client */;
/*!40101 SET character_set_client = utf8 */;
CREATE TABLE `event_release-type` (
  `event_id` bigint(20) DEFAULT NULL,
  `release_type_id` bigint(20) DEFAULT NULL,
  KEY `event_id` (`event_id`),
  KEY `release_type_id` (`release_type_id`),
  CONSTRAINT `event_release-type_ibfk_1` FOREIGN KEY (`event_id`) REFERENCES `events` (`id`),
  CONSTRAINT `event_release-type_ibfk_2` FOREIGN KEY (`release_type_id`) REFERENCES `releasetypes` (`id`)
) ENGINE=InnoDB DEFAULT CHARSET=latin1;
/*!40101 SET character_set_client = @saved_cs_client */;

--
-- Dumping data for table `event_release-type`
--

LOCK TABLES `event_release-type` WRITE;
/*!40000 ALTER TABLE `event_release-type` DISABLE KEYS */;
INSERT INTO `event_release-type` VALUES (1,1),(85,1),(48,1),(84,3),(15,1),(53,1),(56,2),(90,2),(79,3),(16,2),(39,3),(54,3),(20,3),(47,2),(4,1),(10,1),(17,1),(50,1),(40,3),(55,3),(87,3),(18,2),(41,3),(81,2),(12,3),(31,3),(88,3),(6,2),(42,1),(32,2),(82,1),(34,1),(33,3),(13,2),(29,1),(14,3),(83,3),(89,3),(58,1),(19,3),(86,3),(96,3),(59,1),(65,2),(45,3),(80,1),(21,1),(78,3),(44,2),(27,3),(76,3),(72,3),(97,2),(38,2),(66,1),(22,2),(11,1),(3,3),(60,2),(73,1),(98,3),(67,3),(92,3),(51,3),(35,3),(61,3),(23,3),(74,2),(99,1),(68,3),(49,3),(36,3),(62,3),(52,3),(93,2),(24,2),(75,1),(100,1),(77,2),(69,1),(94,3),(46,1),(37,3),(63,1),(91,3),(25,3),(8,3),(30,2),(101,2),(9,2),(70,3),(95,1),(2,3),(71,2),(57,2),(43,2),(64,1),(5,2),(7,2),(26,1),(28,1),(854,2),(806,2),(229,2),(139,1),(645,1),(384,2),(397,3),(861,3),(108,2),(691,3),(720,2),(526,1),(594,1),(176,2),(507,2),(343,1),(444,1),(236,1),(849,2),(438,3),(896,3),(307,3),(230,2),(310,1),(665,2),(752,1),(745,2),(595,3),(407,2),(508,3),(670,1),(237,3),(850,2),(439,3),(231,1),(863,2),(542,2),(877,1),(596,3),(408,1),(446,1),(392,3),(238,1),(498,1),(851,1),(440,3),(332,3),(115,2),(648,1),(778,2),(864,2),(827,3),(597,1),(409,3),(447,3),(534,3),(791,2),(239,1),(679,2),(852,1),(441,3),(677,3),(233,3),(865,1),(452,1),(598,3),(881,3),(469,3),(636,3),(347,2),(296,2),(511,2),(240,2),(622,2),(853,3),(302,2),(442,2),(855,2),(234,3),(866,1),(574,3),(599,2),(716,3),(726,3),(348,2),(449,2),(821,2),(382,3),(750,2),(785,3),(611,1),(406,2),(195,1),(177,3),(880,3),(450,3),(194,2),(836,3),(223,1),(786,1),(137,1),(198,1),(897,1),(614,2),(318,1),(288,3),(763,1),(312,3),(192,1),(659,1),(858,1),(576,3),(224,3),(894,1),(837,2),(199,1),(761,2),(615,2),(500,2),(319,2),(847,1),(313,2),(404,3),(808,1),(193,2),(414,1),(780,1),(577,1),(225,3),(891,2),(838,3),(317,2),(694,1),(333,3),(616,3),(418,3),(320,3),(818,1),(484,2),(143,1),(119,2),(668,3),(578,3),(892,1),(751,2),(680,1),(136,2),(796,2),(201,2),(153,2),(321,1),(848,3),(226,2),(485,3),(144,3),(558,2),(184,1),(579,3),(454,2),(245,2),(840,3),(696,3),(734,1),(618,2),(309,3),(367,2),(316,3),(145,3),(695,1),(531,3),(669,3),(580,3),(474,1),(455,2),(550,1),(581,3),(191,2),(203,3),(172,3),(323,3),(394,3),(875,1),(178,1),(842,1),(503,3),(617,1),(715,1),(349,2),(787,3),(811,3),(538,3),(856,2),(494,2),(662,2),(667,2),(488,2),(718,1),(283,1),(292,1),(608,3),(147,3),(898,1),(746,3),(173,2),(564,2),(711,1),(128,1),(762,2),(350,2),(812,2),(519,3),(293,3),(633,2),(571,3),(747,1),(781,2),(132,3),(106,3),(121,2),(844,1),(334,3),(888,2),(813,2),(458,3),(675,3),(490,2),(609,2),(364,3),(654,2),(114,2),(339,2),(134,3),(566,2),(681,3),(541,3),(352,1),(273,3),(814,1),(227,2),(676,3),(491,2),(559,1),(365,3),(354,2),(655,2),(754,3),(340,2),(567,2),(846,3),(735,2),(353,2),(815,3),(129,3),(183,1),(202,3),(366,1),(536,2),(656,3),(341,1),(568,3),(152,2),(816,3),(133,3),(499,1),(544,2),(345,1),(355,2),(493,3),(324,3),(130,1),(386,2),(322,2),(509,2),(118,2),(146,3),(117,2),(266,2),(872,1),(431,2),(124,2),(698,2),(767,3),(116,1),(803,3),(588,1),(899,1),(625,3),(135,3),(671,2),(356,1),(520,1),(828,3),(432,3),(336,1),(782,2),(804,2),(768,3),(255,1),(589,1),(817,3),(626,1),(171,1),(396,1),(256,3),(357,1),(232,2),(521,1),(274,2),(433,1),(162,2),(769,1),(251,1),(901,3),(627,1),(601,2),(788,3),(257,3),(358,3),(228,1),(522,2),(207,1),(434,1),(163,3),(770,2),(380,1),(591,2),(661,2),(628,1),(736,3),(258,3),(359,1),(699,1),(149,2),(523,2),(197,2),(885,1),(435,1),(443,1),(403,3),(164,2),(771,2),(592,2),(629,3),(259,3),(586,3),(346,3),(314,2),(524,1),(777,2),(437,3),(325,3),(105,2),(436,3),(210,1),(160,3),(843,3),(487,1),(704,3),(587,2),(789,3),(593,2),(890,1),(879,3),(630,3),(109,1),(456,3),(826,2),(867,1),(248,2),(900,1),(871,2),(393,1),(739,1),(204,1),(733,1),(721,3),(764,2),(573,3),(835,2),(425,1),(792,3),(797,1),(154,3),(482,1),(419,2),(873,3),(305,3),(640,1),(783,2),(457,1),(249,3),(672,2),(205,3),(532,3),(514,1),(470,2),(569,2),(426,3),(649,3),(728,2),(678,2),(155,1),(583,3),(420,2),(329,1),(306,2),(123,3),(395,1),(683,1),(206,1),(141,2),(515,1),(471,3),(427,3),(729,2),(799,2),(208,2),(126,2),(278,2),(658,3),(459,3),(127,1),(886,2),(122,3),(516,2),(737,3),(666,3),(472,3),(290,2),(428,3),(700,3),(730,2),(308,3),(157,3),(218,2),(422,3),(460,3),(138,3),(252,1),(533,2),(286,2),(561,3),(253,2),(517,1),(298,3),(110,2),(473,3),(859,3),(410,3),(731,3),(158,3),(805,1),(423,2),(612,3),(161,1),(461,2),(860,2),(684,3),(820,3),(120,2),(209,2),(790,2),(311,1),(634,2),(462,3),(518,3),(613,2),(732,2),(802,2),(801,2),(486,3),(374,3),(590,1),(179,1),(330,3),(753,1),(765,2),(560,3),(166,1),(185,2),(646,2),(362,2),(242,1),(551,3),(784,3),(869,1),(530,2),(673,1),(113,1),(868,2),(381,3),(375,2),(825,3),(331,3),(650,1),(186,2),(276,2),(845,1),(823,2),(552,3),(337,3),(689,3),(398,2),(647,3),(401,3),(492,2),(686,2),(674,2),(376,1),(168,3),(893,3),(187,3),(882,3),(717,1),(244,2),(637,2),(553,1),(582,1),(723,3),(402,2),(631,2),(738,2),(377,3),(297,2),(125,3),(169,3),(701,3),(188,3),(405,2),(539,2),(682,1),(623,1),(140,2),(554,3),(651,1),(383,3),(289,1),(652,1),(254,3),(495,1),(378,1),(170,2),(388,2),(430,1),(189,1),(315,3),(327,2),(246,2),(555,3),(798,3),(687,1),(841,2),(830,1),(512,3),(690,3),(635,1),(379,1),(335,2),(887,2),(190,2),(874,2),(621,2),(424,1),(247,2),(829,2),(624,2),(200,1),(774,3),(510,1),(291,2),(180,1),(895,2),(708,3),(448,3),(235,1),(535,2),(707,2),(760,3),(361,3),(570,2),(363,3),(475,1),(412,2),(639,3),(653,1),(280,2),(429,3),(463,2),(545,2),(501,2),(585,1),(740,1),(476,3),(413,3),(338,1),(299,2),(697,3),(104,3),(326,1),(480,3),(883,3),(103,1),(794,3),(281,1),(772,2),(464,2),(565,1),(793,2),(546,2),(502,3),(660,1),(741,3),(477,3),(758,2),(300,1),(641,2),(275,3),(421,3),(562,3),(724,1),(465,2),(702,2),(547,2),(282,2),(540,1),(742,2),(478,2),(483,1),(301,2),(400,1),(870,2),(709,1),(525,2),(351,2),(713,1),(529,1),(250,3),(548,3),(241,2),(504,3),(807,2),(453,3),(743,2),(479,3),(466,3),(342,3),(643,3),(800,3),(822,2),(857,3),(706,1),(839,3),(766,1),(467,1),(549,3),(884,2),(719,3),(505,1),(810,2),(159,1),(744,2),(809,3),(417,1),(584,2),(303,1),(725,2),(285,1),(181,3),(304,3),(506,2),(620,3),(575,3),(468,1),(644,3),(557,3),(148,1),(107,2),(497,1),(600,1),(692,2),(607,2),(385,2),(819,3),(267,3),(368,2),(527,1),(528,2),(773,3),(387,2),(261,1),(360,1),(776,2),(217,1),(175,3),(211,2),(112,3),(481,2),(755,2),(712,1),(795,1),(889,2),(268,3),(878,2),(369,3),(489,3),(876,3),(632,3),(556,3),(262,2),(664,1),(111,1),(279,2),(831,1),(411,2),(212,2),(602,1),(563,2),(399,3),(756,2),(705,1),(775,3),(543,3),(370,2),(703,2),(572,2),(389,2),(513,2),(263,3),(294,3),(156,2),(219,2),(196,3),(537,3),(832,1),(269,3),(727,3),(213,1),(663,1),(603,2),(284,2),(757,1),(151,3),(722,3),(270,3),(371,2),(167,1),(610,1),(390,2),(165,1),(264,3),(779,1),(415,1),(220,2),(287,3),(833,1),(642,3),(328,2),(416,3),(214,1),(174,3),(604,1),(496,1),(102,1),(714,2),(271,3),(657,1),(710,1),(372,3),(749,3),(391,3),(265,1),(142,1),(451,1),(221,3),(834,2),(277,3),(295,1),(215,3),(182,1),(131,3),(605,3),(824,3),(688,1),(759,1),(862,3),(243,1),(272,1),(373,3),(260,2),(748,2),(606,1),(685,2),(216,1),(445,1),(150,2),(222,1),(619,1),(638,1),(344,1),(693,1);
/*!40000 ALTER TABLE `event_release-type` ENABLE KEYS */;
UNLOCK TABLES;

--
-- Table structure for table `event_rights-violation`
--

DROP TABLE IF EXISTS `event_rights-violation`;
/*!40101 SET @saved_cs_client     = @@character_set_client */;
/*!40101 SET character_set_client = utf8 */;
CREATE TABLE `event_rights-violation` (
  `event_id` bigint(20) DEFAULT NULL,
  `rights_violation_id` bigint(20) DEFAULT NULL,
  KEY `event_id` (`event_id`),
  KEY `rights_violation_id` (`rights_violation_id`),
  CONSTRAINT `event_rights-violation_ibfk_1` FOREIGN KEY (`event_id`) REFERENCES `events` (`id`),
  CONSTRAINT `event_rights-violation_ibfk_2` FOREIGN KEY (`rights_violation_id`) REFERENCES `rightsviolations` (`id`)
) ENGINE=InnoDB DEFAULT CHARSET=latin1;
/*!40101 SET character_set_client = @saved_cs_client */;

--
-- Dumping data for table `event_rights-violation`
--

LOCK TABLES `event_rights-violation` WRITE;
/*!40000 ALTER TABLE `event_rights-violation` DISABLE KEYS */;
INSERT INTO `event_rights-violation` VALUES (1,1),(85,1),(48,1),(84,2),(15,1),(53,1),(56,2),(90,2),(79,1),(16,2),(39,1),(54,2),(20,1),(47,1),(4,1),(10,1),(17,1),(50,1),(40,2),(55,2),(87,1),(18,2),(41,2),(81,1),(12,1),(31,1),(88,1),(6,1),(42,2),(32,2),(82,1),(34,1),(33,1),(13,2),(29,1),(14,2),(83,2),(89,1),(58,2),(19,2),(86,2),(96,2),(59,2),(65,2),(45,1),(80,2),(21,1),(78,1),(44,1),(27,1),(76,2),(72,1),(97,2),(38,2),(66,2),(22,1),(11,1),(3,1),(60,2),(73,1),(98,2),(67,2),(92,1),(51,2),(35,1),(61,1),(23,2),(74,1),(99,1),(68,2),(49,2),(36,2),(62,2),(52,2),(93,1),(24,2),(75,1),(100,2),(77,2),(69,2),(94,2),(46,2),(37,2),(63,2),(91,2),(25,2),(8,2),(30,1),(101,2),(9,2),(70,2),(95,2),(2,2),(71,1),(57,1),(43,1),(64,1),(5,1),(7,2),(26,1),(28,1),(854,2),(806,1),(229,1),(139,1),(645,2),(384,1),(397,1),(861,1),(108,2),(691,1),(720,1),(526,1),(594,2),(176,1),(507,2),(343,2),(444,2),(236,2),(849,1),(438,2),(896,2),(307,2),(230,1),(310,2),(665,1),(752,2),(745,2),(595,2),(407,2),(508,2),(670,2),(237,2),(850,2),(439,1),(231,2),(863,2),(542,1),(877,1),(596,1),(408,1),(446,1),(392,1),(238,2),(498,1),(851,1),(440,1),(332,2),(115,2),(648,2),(778,2),(864,2),(827,1),(597,1),(409,2),(447,1),(534,2),(791,1),(239,1),(679,2),(852,2),(441,1),(677,2),(233,2),(865,2),(452,1),(598,1),(881,2),(469,2),(636,2),(347,2),(296,2),(511,2),(240,1),(622,2),(853,1),(302,1),(442,2),(855,1),(234,2),(866,1),(574,2),(599,1),(716,1),(726,1),(348,1),(449,1),(821,2),(382,1),(750,2),(785,2),(611,1),(406,2),(195,1),(177,1),(880,2),(450,1),(194,2),(836,2),(223,2),(786,1),(137,2),(198,1),(897,2),(614,1),(318,1),(288,1),(763,1),(312,1),(192,1),(659,2),(858,1),(576,1),(224,2),(894,1),(837,2),(199,2),(761,2),(615,1),(500,1),(319,1),(847,2),(313,2),(404,2),(808,2),(193,1),(414,2),(780,2),(577,1),(225,2),(891,2),(838,1),(317,1),(694,2),(333,1),(616,1),(418,1),(320,2),(818,2),(484,2),(143,1),(119,1),(668,1),(578,1),(892,1),(751,2),(680,1),(136,2),(796,2),(201,1),(153,1),(321,2),(848,1),(226,1),(485,1),(144,2),(558,2),(184,2),(579,2),(454,1),(245,2),(840,2),(696,1),(734,2),(618,1),(309,2),(367,2),(316,2),(145,1),(695,1),(531,1),(669,1),(580,2),(474,1),(455,2),(550,1),(581,1),(191,1),(203,2),(172,1),(323,1),(394,1),(875,2),(178,2),(842,1),(503,2),(617,2),(715,1),(349,2),(787,1),(811,1),(538,1),(856,2),(494,2),(662,2),(667,1),(488,1),(718,1),(283,1),(292,1),(608,1),(147,2),(898,1),(746,2),(173,2),(564,1),(711,1),(128,1),(762,1),(350,2),(812,1),(519,1),(293,2),(633,1),(571,1),(747,1),(781,2),(132,1),(106,1),(121,1),(844,1),(334,2),(888,1),(813,1),(458,1),(675,2),(490,1),(609,1),(364,2),(654,1),(114,1),(339,1),(134,2),(566,2),(681,2),(541,1),(352,2),(273,2),(814,1),(227,1),(676,1),(491,1),(559,1),(365,1),(354,2),(655,1),(754,1),(340,2),(567,1),(846,2),(735,1),(353,2),(815,1),(129,1),(183,1),(202,1),(366,2),(536,2),(656,2),(341,2),(568,1),(152,2),(816,2),(133,2),(499,2),(544,2),(345,1),(355,1),(493,1),(324,2),(130,2),(386,1),(322,2),(509,1),(118,1),(146,2),(117,1),(266,2),(872,1),(431,1),(124,2),(698,2),(767,1),(116,1),(803,2),(588,2),(899,1),(625,2),(135,1),(671,1),(356,1),(520,1),(828,2),(432,2),(336,2),(782,2),(804,2),(768,2),(255,2),(589,1),(817,1),(626,2),(171,1),(396,2),(256,2),(357,2),(232,1),(521,1),(274,2),(433,1),(162,1),(769,1),(251,1),(901,1),(627,1),(601,2),(788,1),(257,2),(358,1),(228,2),(522,2),(207,2),(434,1),(163,2),(770,1),(380,2),(591,1),(661,1),(628,1),(736,2),(258,2),(359,2),(699,2),(149,1),(523,2),(197,1),(885,2),(435,1),(443,1),(403,2),(164,2),(771,1),(592,2),(629,2),(259,2),(586,2),(346,1),(314,2),(524,1),(777,2),(437,2),(325,1),(105,1),(436,1),(210,2),(160,1),(843,1),(487,1),(704,2),(587,2),(789,2),(593,2),(890,1),(879,1),(630,2),(109,1),(456,2),(826,1),(867,2),(248,2),(900,2),(871,1),(393,1),(739,1),(204,1),(733,1),(721,2),(764,2),(573,1),(835,1),(425,2),(792,2),(797,1),(154,1),(482,2),(419,1),(873,2),(305,2),(640,1),(783,1),(457,1),(249,2),(672,1),(205,1),(532,1),(514,2),(470,1),(569,1),(426,2),(649,1),(728,2),(678,2),(155,1),(583,1),(420,1),(329,1),(306,1),(123,1),(395,2),(683,2),(206,2),(141,2),(515,2),(471,1),(427,2),(729,1),(799,1),(208,1),(126,2),(278,2),(658,2),(459,2),(127,2),(886,2),(122,1),(516,2),(737,1),(666,1),(472,1),(290,1),(428,1),(700,1),(730,2),(308,1),(157,1),(218,1),(422,2),(460,1),(138,1),(252,2),(533,2),(286,1),(561,1),(253,1),(517,2),(298,1),(110,1),(473,2),(859,2),(410,2),(731,1),(158,1),(805,1),(423,2),(612,2),(161,1),(461,2),(860,2),(684,2),(820,1),(120,2),(209,1),(790,2),(311,2),(634,2),(462,1),(518,1),(613,2),(732,2),(802,1),(801,1),(486,1),(374,1),(590,1),(179,2),(330,2),(753,1),(765,1),(560,2),(166,2),(185,2),(646,2),(362,1),(242,2),(551,1),(784,2),(869,2),(530,1),(673,1),(113,2),(868,1),(381,2),(375,1),(825,1),(331,1),(650,2),(186,1),(276,2),(845,1),(823,1),(552,1),(337,1),(689,1),(398,1),(647,2),(401,2),(492,1),(686,2),(674,2),(376,2),(168,1),(893,1),(187,1),(882,1),(717,2),(244,2),(637,1),(553,1),(582,2),(723,1),(402,2),(631,1),(738,2),(377,2),(297,2),(125,1),(169,2),(701,2),(188,2),(405,1),(539,2),(682,2),(623,1),(140,2),(554,2),(651,1),(383,2),(289,2),(652,2),(254,2),(495,1),(378,2),(170,2),(388,1),(430,2),(189,1),(315,2),(327,2),(246,1),(555,2),(798,1),(687,1),(841,2),(830,2),(512,1),(690,1),(635,2),(379,1),(335,1),(887,1),(190,2),(874,2),(621,2),(424,1),(247,1),(829,1),(624,1),(200,2),(774,2),(510,2),(291,2),(180,2),(895,1),(708,2),(448,2),(235,2),(535,1),(707,2),(760,1),(361,1),(570,2),(363,1),(475,1),(412,1),(639,1),(653,1),(280,2),(429,2),(463,2),(545,1),(501,2),(585,2),(740,1),(476,1),(413,2),(338,2),(299,2),(697,2),(104,1),(326,2),(480,1),(883,1),(103,2),(794,2),(281,2),(772,1),(464,2),(565,1),(793,1),(546,2),(502,1),(660,2),(741,2),(477,2),(758,2),(300,1),(641,1),(275,2),(421,2),(562,2),(724,1),(465,1),(702,1),(547,2),(282,2),(540,1),(742,1),(478,2),(483,2),(301,2),(400,2),(870,2),(709,1),(525,2),(351,2),(713,2),(529,2),(250,1),(548,1),(241,2),(504,1),(807,1),(453,2),(743,2),(479,2),(466,2),(342,2),(643,1),(800,1),(822,1),(857,1),(706,1),(839,1),(766,1),(467,1),(549,2),(884,1),(719,2),(505,1),(810,2),(159,1),(744,1),(809,2),(417,1),(584,1),(303,2),(725,2),(285,2),(181,2),(304,2),(506,1),(620,2),(575,1),(468,2),(644,1),(557,2),(148,2),(107,2),(497,2),(600,2),(692,1),(607,2),(385,1),(819,1),(267,2),(368,2),(527,1),(528,1),(773,2),(387,2),(261,2),(360,2),(776,1),(217,1),(175,2),(211,2),(112,1),(481,2),(755,1),(712,1),(795,2),(889,2),(268,1),(878,2),(369,1),(489,1),(876,1),(632,1),(556,2),(262,2),(664,1),(111,2),(279,1),(831,2),(411,1),(212,2),(602,1),(563,1),(399,1),(756,1),(705,2),(775,1),(543,1),(370,2),(703,1),(572,2),(389,1),(513,2),(263,1),(294,1),(156,1),(219,1),(196,1),(537,1),(832,1),(269,2),(727,1),(213,1),(663,2),(603,2),(284,1),(757,1),(151,1),(722,2),(270,2),(371,2),(167,1),(610,2),(390,2),(165,1),(264,2),(779,1),(415,2),(220,2),(287,1),(833,1),(642,2),(328,1),(416,1),(214,1),(174,2),(604,1),(496,2),(102,2),(714,1),(271,2),(657,1),(710,1),(372,2),(749,2),(391,2),(265,2),(142,2),(451,2),(221,2),(834,2),(277,2),(295,2),(215,2),(182,2),(131,2),(605,2),(824,1),(688,2),(759,1),(862,2),(243,1),(272,2),(373,2),(260,2),(748,2),(606,2),(685,1),(216,2),(445,2),(150,2),(222,1),(619,2),(638,2),(344,1),(693,2);
/*!40000 ALTER TABLE `event_rights-violation` ENABLE KEYS */;
UNLOCK TABLES;

--
-- Table structure for table `event_source`
--

DROP TABLE IF EXISTS `event_source`;
/*!40101 SET @saved_cs_client     = @@character_set_client */;
/*!40101 SET character_set_client = utf8 */;
CREATE TABLE `event_source` (
  `event_id` bigint(20) DEFAULT NULL,
  `source_id` bigint(20) DEFAULT NULL,
  KEY `event_id` (`event_id`),
  KEY `source_id` (`source_id`),
  CONSTRAINT `event_source_ibfk_1` FOREIGN KEY (`event_id`) REFERENCES `events` (`id`),
  CONSTRAINT `event_source_ibfk_2` FOREIGN KEY (`source_id`) REFERENCES `sources` (`id`)
) ENGINE=InnoDB DEFAULT CHARSET=latin1;
/*!40101 SET character_set_client = @saved_cs_client */;

--
-- Dumping data for table `event_source`
--

LOCK TABLES `event_source` WRITE;
/*!40000 ALTER TABLE `event_source` DISABLE KEYS */;
INSERT INTO `event_source` VALUES (1,1),(85,2),(48,2),(84,1),(15,1),(53,2),(56,2),(90,1),(79,2),(16,2),(39,1),(54,2),(20,1),(47,1),(4,2),(10,2),(17,1),(50,2),(40,2),(55,1),(87,1),(18,1),(41,1),(81,2),(12,1),(31,2),(88,1),(6,2),(42,2),(32,1),(82,2),(34,2),(33,2),(13,1),(29,2),(14,2),(83,1),(89,2),(58,1),(19,1),(86,2),(96,1),(59,1),(65,1),(45,1),(80,2),(21,2),(78,2),(44,2),(27,2),(76,1),(72,2),(97,1),(38,1),(66,1),(22,2),(11,2),(3,2),(60,1),(73,1),(98,2),(67,2),(92,1),(51,2),(35,2),(61,1),(23,1),(74,2),(99,1),(68,1),(49,1),(36,1),(62,1),(52,2),(93,1),(24,1),(75,1),(100,1),(77,2),(69,2),(94,1),(46,1),(37,1),(63,1),(91,1),(25,2),(8,1),(30,1),(101,2),(9,2),(70,2),(95,1),(2,2),(71,1),(57,2),(43,1),(64,1),(5,1),(7,1),(26,1),(28,2),(854,1),(806,1),(229,2),(139,1),(645,1),(384,1),(397,2),(861,2),(108,2),(691,1),(720,1),(526,1),(594,2),(176,2),(507,2),(343,2),(444,1),(236,2),(849,2),(438,1),(896,1),(307,1),(230,1),(310,2),(665,1),(752,1),(745,1),(595,2),(407,2),(508,1),(670,2),(237,2),(850,1),(439,1),(231,2),(863,2),(542,1),(877,2),(596,1),(408,2),(446,2),(392,1),(238,2),(498,2),(851,2),(440,1),(332,1),(115,2),(648,2),(778,2),(864,2),(827,2),(597,1),(409,2),(447,1),(534,1),(791,2),(239,2),(679,2),(852,2),(441,1),(677,2),(233,1),(865,2),(452,2),(598,1),(881,2),(469,2),(636,2),(347,1),(296,2),(511,2),(240,2),(622,1),(853,1),(302,1),(442,2),(855,2),(234,2),(866,1),(574,2),(599,2),(716,2),(726,2),(348,2),(449,2),(821,2),(382,2),(750,1),(785,2),(611,2),(406,1),(195,1),(177,2),(880,2),(450,2),(194,1),(836,1),(223,1),(786,2),(137,2),(198,1),(897,1),(614,1),(318,2),(288,2),(763,2),(312,2),(192,2),(659,1),(858,2),(576,2),(224,1),(894,1),(837,1),(199,2),(761,2),(615,1),(500,2),(319,2),(847,1),(313,2),(404,2),(808,2),(193,1),(414,1),(780,1),(577,2),(225,1),(891,2),(838,2),(317,1),(694,1),(333,2),(616,2),(418,2),(320,2),(818,2),(484,2),(143,1),(119,1),(668,1),(578,1),(892,1),(751,1),(680,1),(136,2),(796,2),(201,1),(153,1),(321,1),(848,2),(226,1),(485,2),(144,1),(558,1),(184,2),(579,1),(454,2),(245,1),(840,1),(696,2),(734,2),(618,2),(309,2),(367,2),(316,1),(145,2),(695,1),(531,2),(669,1),(580,2),(474,1),(455,2),(550,2),(581,1),(191,2),(203,2),(172,2),(323,2),(394,2),(875,2),(178,1),(842,1),(503,1),(617,2),(715,2),(349,1),(787,2),(811,2),(538,2),(856,1),(494,2),(662,1),(667,1),(488,2),(718,2),(283,2),(292,1),(608,2),(147,2),(898,2),(746,2),(173,1),(564,2),(711,2),(128,2),(762,2),(350,1),(812,2),(519,1),(293,2),(633,2),(571,1),(747,2),(781,1),(132,2),(106,2),(121,2),(844,2),(334,2),(888,2),(813,2),(458,1),(675,2),(490,2),(609,1),(364,2),(654,1),(114,2),(339,2),(134,2),(566,2),(681,2),(541,1),(352,2),(273,2),(814,1),(227,1),(676,1),(491,1),(559,2),(365,2),(354,1),(655,1),(754,1),(340,1),(567,1),(846,2),(735,1),(353,1),(815,2),(129,1),(183,2),(202,2),(366,2),(536,1),(656,2),(341,1),(568,2),(152,1),(816,1),(133,1),(499,2),(544,1),(345,2),(355,2),(493,2),(324,2),(130,2),(386,2),(322,2),(509,1),(118,1),(146,2),(117,2),(266,2),(872,2),(431,2),(124,1),(698,1),(767,1),(116,1),(803,2),(588,2),(899,2),(625,2),(135,2),(671,2),(356,2),(520,2),(828,2),(432,1),(336,2),(782,2),(804,1),(768,2),(255,1),(589,2),(817,1),(626,2),(171,2),(396,1),(256,1),(357,1),(232,2),(521,1),(274,1),(433,1),(162,2),(769,1),(251,2),(901,2),(627,1),(601,2),(788,1),(257,1),(358,2),(228,1),(522,1),(207,2),(434,1),(163,2),(770,1),(380,1),(591,1),(661,1),(628,2),(736,1),(258,2),(359,1),(699,2),(149,2),(523,1),(197,2),(885,2),(435,2),(443,2),(403,1),(164,2),(771,1),(592,1),(629,1),(259,1),(586,2),(346,1),(314,2),(524,2),(777,1),(437,1),(325,1),(105,2),(436,1),(210,1),(160,1),(843,1),(487,1),(704,2),(587,1),(789,1),(593,2),(890,1),(879,1),(630,1),(109,1),(456,2),(826,1),(867,1),(248,2),(900,1),(871,1),(393,1),(739,1),(204,2),(733,1),(721,2),(764,2),(573,2),(835,1),(425,1),(792,2),(797,2),(154,1),(482,1),(419,1),(873,2),(305,1),(640,2),(783,1),(457,2),(249,2),(672,2),(205,2),(532,1),(514,2),(470,2),(569,2),(426,1),(649,2),(728,1),(678,1),(155,2),(583,1),(420,2),(329,2),(306,2),(123,1),(395,2),(683,1),(206,2),(141,1),(515,1),(471,2),(427,2),(729,2),(799,2),(208,1),(126,1),(278,1),(658,2),(459,2),(127,2),(886,1),(122,2),(516,2),(737,2),(666,1),(472,1),(290,1),(428,2),(700,1),(730,1),(308,1),(157,1),(218,2),(422,2),(460,1),(138,1),(252,1),(533,1),(286,2),(561,2),(253,2),(517,2),(298,2),(110,1),(473,1),(859,1),(410,1),(731,1),(158,2),(805,2),(423,2),(612,1),(161,2),(461,1),(860,2),(684,1),(820,2),(120,1),(209,2),(790,2),(311,1),(634,2),(462,1),(518,2),(613,1),(732,2),(802,1),(801,1),(486,1),(374,1),(590,1),(179,2),(330,1),(753,1),(765,1),(560,1),(166,1),(185,2),(646,1),(362,1),(242,2),(551,2),(784,1),(869,2),(530,1),(673,2),(113,1),(868,2),(381,2),(375,2),(825,2),(331,1),(650,2),(186,1),(276,2),(845,2),(823,2),(552,2),(337,1),(689,2),(398,1),(647,2),(401,1),(492,1),(686,2),(674,1),(376,1),(168,2),(893,1),(187,2),(882,2),(717,1),(244,2),(637,1),(553,1),(582,1),(723,1),(402,1),(631,1),(738,2),(377,2),(297,2),(125,1),(169,1),(701,2),(188,1),(405,1),(539,2),(682,2),(623,1),(140,1),(554,1),(651,2),(383,1),(289,2),(652,2),(254,1),(495,1),(378,2),(170,2),(388,2),(430,1),(189,1),(315,2),(327,2),(246,1),(555,1),(798,1),(687,1),(841,2),(830,1),(512,2),(690,1),(635,1),(379,1),(335,2),(887,1),(190,1),(874,2),(621,1),(424,1),(247,2),(829,1),(624,2),(200,1),(774,1),(510,2),(291,1),(180,2),(895,2),(708,1),(448,1),(235,2),(535,1),(707,1),(760,2),(361,1),(570,2),(363,1),(475,2),(412,2),(639,1),(653,1),(280,2),(429,2),(463,1),(545,1),(501,2),(585,1),(740,1),(476,1),(413,1),(338,2),(299,1),(697,2),(104,2),(326,1),(480,1),(883,2),(103,2),(794,2),(281,2),(772,2),(464,2),(565,1),(793,1),(546,2),(502,1),(660,2),(741,2),(477,1),(758,1),(300,2),(641,1),(275,2),(421,2),(562,1),(724,2),(465,1),(702,1),(547,1),(282,1),(540,2),(742,2),(478,1),(483,1),(301,2),(400,2),(870,1),(709,2),(525,2),(351,2),(713,1),(529,1),(250,2),(548,1),(241,2),(504,2),(807,1),(453,2),(743,2),(479,1),(466,1),(342,1),(643,1),(800,2),(822,2),(857,2),(706,2),(839,1),(766,1),(467,1),(549,1),(884,1),(719,1),(505,2),(810,2),(159,2),(744,1),(809,2),(417,1),(584,2),(303,1),(725,2),(285,1),(181,1),(304,2),(506,1),(620,1),(575,1),(468,1),(644,2),(557,2),(148,1),(107,1),(497,2),(600,2),(692,1),(607,2),(385,2),(819,1),(267,2),(368,2),(527,1),(528,1),(773,1),(387,1),(261,2),(360,1),(776,2),(217,2),(175,2),(211,2),(112,1),(481,2),(755,2),(712,1),(795,2),(889,2),(268,1),(878,2),(369,2),(489,1),(876,2),(632,1),(556,1),(262,2),(664,2),(111,1),(279,1),(831,1),(411,1),(212,2),(602,2),(563,2),(399,1),(756,2),(705,2),(775,1),(543,2),(370,2),(703,1),(572,2),(389,1),(513,2),(263,2),(294,2),(156,1),(219,2),(196,2),(537,1),(832,2),(269,1),(727,2),(213,1),(663,2),(603,1),(284,1),(757,1),(151,1),(722,1),(270,1),(371,2),(167,1),(610,2),(390,1),(165,2),(264,2),(779,1),(415,1),(220,1),(287,2),(833,2),(642,2),(328,2),(416,2),(214,1),(174,1),(604,2),(496,2),(102,2),(714,2),(271,2),(657,2),(710,1),(372,1),(749,1),(391,1),(265,2),(142,1),(451,2),(221,2),(834,2),(277,1),(295,2),(215,2),(182,2),(131,1),(605,2),(824,1),(688,1),(759,1),(862,1),(243,2),(272,1),(373,2),(260,2),(748,2),(606,1),(685,2),(216,1),(445,1),(150,2),(222,2),(619,1),(638,1),(344,1),(693,1);
/*!40000 ALTER TABLE `event_source` ENABLE KEYS */;
UNLOCK TABLES;

--
-- Table structure for table `event_victim`
--

DROP TABLE IF EXISTS `event_victim`;
/*!40101 SET @saved_cs_client     = @@character_set_client */;
/*!40101 SET character_set_client = utf8 */;
CREATE TABLE `event_victim` (
  `event_id` bigint(20) DEFAULT NULL,
  `victim_id` bigint(20) DEFAULT NULL,
  KEY `event_id` (`event_id`),
  KEY `victim_id` (`victim_id`),
  CONSTRAINT `event_victim_ibfk_1` FOREIGN KEY (`event_id`) REFERENCES `events` (`id`),
  CONSTRAINT `event_victim_ibfk_2` FOREIGN KEY (`victim_id`) REFERENCES `actors` (`id`)
) ENGINE=InnoDB DEFAULT CHARSET=latin1;
/*!40101 SET character_set_client = @saved_cs_client */;

--
-- Dumping data for table `event_victim`
--

LOCK TABLES `event_victim` WRITE;
/*!40000 ALTER TABLE `event_victim` DISABLE KEYS */;
INSERT INTO `event_victim` VALUES (1,3),(85,3),(48,3),(84,3),(15,3),(53,3),(56,3),(90,3),(79,3),(16,3),(39,3),(54,3),(20,3),(47,3),(4,3),(10,3),(17,3),(50,3),(40,3),(55,3),(87,3),(18,3),(41,3),(81,3),(12,3),(31,3),(88,3),(6,3),(42,3),(32,3),(82,3),(34,3),(33,3),(13,3),(29,3),(14,3),(83,3),(89,3),(58,3),(19,3),(86,3),(96,3),(59,3),(65,3),(45,3),(80,3),(21,3),(78,3),(44,3),(27,3),(76,3),(72,3),(97,3),(38,3),(66,3),(22,3),(11,3),(3,3),(60,3),(73,3),(98,3),(67,3),(92,3),(51,3),(35,3),(61,3),(23,3),(74,3),(99,3),(68,3),(49,3),(36,3),(62,3),(52,3),(93,3),(24,3),(75,3),(100,3),(77,3),(69,3),(94,3),(46,3),(37,3),(63,3),(91,3),(25,3),(8,3),(30,3),(101,3),(9,3),(70,3),(95,3),(2,3),(71,3),(57,3),(43,3),(64,3),(5,3),(7,3),(26,3),(28,3),(854,3),(806,3),(229,3),(139,3),(645,3),(384,3),(397,3),(861,3),(108,3),(691,3),(720,3),(526,3),(594,3),(176,3),(507,3),(343,3),(444,3),(236,3),(849,3),(438,3),(896,3),(307,3),(230,3),(310,3),(665,3),(752,3),(745,3),(595,3),(407,3),(508,3),(670,3),(237,3),(850,3),(439,3),(231,3),(863,3),(542,3),(877,3),(596,3),(408,3),(446,3),(392,3),(238,3),(498,3),(851,3),(440,3),(332,3),(115,3),(648,3),(778,3),(864,3),(827,3),(597,3),(409,3),(447,3),(534,3),(791,3),(239,3),(679,3),(852,3),(441,3),(677,3),(233,3),(865,3),(452,3),(598,3),(881,3),(469,3),(636,3),(347,3),(296,3),(511,3),(240,3),(622,3),(853,3),(302,3),(442,3),(855,3),(234,3),(866,3),(574,3),(599,3),(716,3),(726,3),(348,3),(449,3),(821,3),(382,3),(750,3),(785,3),(611,3),(406,3),(195,3),(177,3),(880,3),(450,3),(194,3),(836,3),(223,3),(786,3),(137,3),(198,3),(897,3),(614,3),(318,3),(288,3),(763,3),(312,3),(192,3),(659,3),(858,3),(576,3),(224,3),(894,3),(837,3),(199,3),(761,3),(615,3),(500,3),(319,3),(847,3),(313,3),(404,3),(808,3),(193,3),(414,3),(780,3),(577,3),(225,3),(891,3),(838,3),(317,3),(694,3),(333,3),(616,3),(418,3),(320,3),(818,3),(484,3),(143,3),(119,3),(668,3),(578,3),(892,3),(751,3),(680,3),(136,3),(796,3),(201,3),(153,3),(321,3),(848,3),(226,3),(485,3),(144,3),(558,3),(184,3),(579,3),(454,3),(245,3),(840,3),(696,3),(734,3),(618,3),(309,3),(367,3),(316,3),(145,3),(695,3),(531,3),(669,3),(580,3),(474,3),(455,3),(550,3),(581,3),(191,3),(203,3),(172,3),(323,3),(394,3),(875,3),(178,3),(842,3),(503,3),(617,3),(715,3),(349,3),(787,3),(811,3),(538,3),(856,3),(494,3),(662,3),(667,3),(488,3),(718,3),(283,3),(292,3),(608,3),(147,3),(898,3),(746,3),(173,3),(564,3),(711,3),(128,3),(762,3),(350,3),(812,3),(519,3),(293,3),(633,3),(571,3),(747,3),(781,3),(132,3),(106,3),(121,3),(844,3),(334,3),(888,3),(813,3),(458,3),(675,3),(490,3),(609,3),(364,3),(654,3),(114,3),(339,3),(134,3),(566,3),(681,3),(541,3),(352,3),(273,3),(814,3),(227,3),(676,3),(491,3),(559,3),(365,3),(354,3),(655,3),(754,3),(340,3),(567,3),(846,3),(735,3),(353,3),(815,3),(129,3),(183,3),(202,3),(366,3),(536,3),(656,3),(341,3),(568,3),(152,3),(816,3),(133,3),(499,3),(544,3),(345,3),(355,3),(493,3),(324,3),(130,3),(386,3),(322,3),(509,3),(118,3),(146,3),(117,3),(266,3),(872,3),(431,3),(124,3),(698,3),(767,3),(116,3),(803,3),(588,3),(899,3),(625,3),(135,3),(671,3),(356,3),(520,3),(828,3),(432,3),(336,3),(782,3),(804,3),(768,3),(255,3),(589,3),(817,3),(626,3),(171,3),(396,3),(256,3),(357,3),(232,3),(521,3),(274,3),(433,3),(162,3),(769,3),(251,3),(901,3),(627,3),(601,3),(788,3),(257,3),(358,3),(228,3),(522,3),(207,3),(434,3),(163,3),(770,3),(380,3),(591,3),(661,3),(628,3),(736,3),(258,3),(359,3),(699,3),(149,3),(523,3),(197,3),(885,3),(435,3),(443,3),(403,3),(164,3),(771,3),(592,3),(629,3),(259,3),(586,3),(346,3),(314,3),(524,3),(777,3),(437,3),(325,3),(105,3),(436,3),(210,3),(160,3),(843,3),(487,3),(704,3),(587,3),(789,3),(593,3),(890,3),(879,3),(630,3),(109,3),(456,3),(826,3),(867,3),(248,3),(900,3),(871,3),(393,3),(739,3),(204,3),(733,3),(721,3),(764,3),(573,3),(835,3),(425,3),(792,3),(797,3),(154,3),(482,3),(419,3),(873,3),(305,3),(640,3),(783,3),(457,3),(249,3),(672,3),(205,3),(532,3),(514,3),(470,3),(569,3),(426,3),(649,3),(728,3),(678,3),(155,3),(583,3),(420,3),(329,3),(306,3),(123,3),(395,3),(683,3),(206,3),(141,3),(515,3),(471,3),(427,3),(729,3),(799,3),(208,3),(126,3),(278,3),(658,3),(459,3),(127,3),(886,3),(122,3),(516,3),(737,3),(666,3),(472,3),(290,3),(428,3),(700,3),(730,3),(308,3),(157,3),(218,3),(422,3),(460,3),(138,3),(252,3),(533,3),(286,3),(561,3),(253,3),(517,3),(298,3),(110,3),(473,3),(859,3),(410,3),(731,3),(158,3),(805,3),(423,3),(612,3),(161,3),(461,3),(860,3),(684,3),(820,3),(120,3),(209,3),(790,3),(311,3),(634,3),(462,3),(518,3),(613,3),(732,3),(802,3),(801,3),(486,3),(374,3),(590,3),(179,3),(330,3),(753,3),(765,3),(560,3),(166,3),(185,3),(646,3),(362,3),(242,3),(551,3),(784,3),(869,3),(530,3),(673,3),(113,3),(868,3),(381,3),(375,3),(825,3),(331,3),(650,3),(186,3),(276,3),(845,3),(823,3),(552,3),(337,3),(689,3),(398,3),(647,3),(401,3),(492,3),(686,3),(674,3),(376,3),(168,3),(893,3),(187,3),(882,3),(717,3),(244,3),(637,3),(553,3),(582,3),(723,3),(402,3),(631,3),(738,3),(377,3),(297,3),(125,3),(169,3),(701,3),(188,3),(405,3),(539,3),(682,3),(623,3),(140,3),(554,3),(651,3),(383,3),(289,3),(652,3),(254,3),(495,3),(378,3),(170,3),(388,3),(430,3),(189,3),(315,3),(327,3),(246,3),(555,3),(798,3),(687,3),(841,3),(830,3),(512,3),(690,3),(635,3),(379,3),(335,3),(887,3),(190,3),(874,3),(621,3),(424,3),(247,3),(829,3),(624,3),(200,3),(774,3),(510,3),(291,3),(180,3),(895,3),(708,3),(448,3),(235,3),(535,3),(707,3),(760,3),(361,3),(570,3),(363,3),(475,3),(412,3),(639,3),(653,3),(280,3),(429,3),(463,3),(545,3),(501,3),(585,3),(740,3),(476,3),(413,3),(338,3),(299,3),(697,3),(104,3),(326,3),(480,3),(883,3),(103,3),(794,3),(281,3),(772,3),(464,3),(565,3),(793,3),(546,3),(502,3),(660,3),(741,3),(477,3),(758,3),(300,3),(641,3),(275,3),(421,3),(562,3),(724,3),(465,3),(702,3),(547,3),(282,3),(540,3),(742,3),(478,3),(483,3),(301,3),(400,3),(870,3),(709,3),(525,3),(351,3),(713,3),(529,3),(250,3),(548,3),(241,3),(504,3),(807,3),(453,3),(743,3),(479,3),(466,3),(342,3),(643,3),(800,3),(822,3),(857,3),(706,3),(839,3),(766,3),(467,3),(549,3),(884,3),(719,3),(505,3),(810,3),(159,3),(744,3),(809,3),(417,3),(584,3),(303,3),(725,3),(285,3),(181,3),(304,3),(506,3),(620,3),(575,3),(468,3),(644,3),(557,3),(148,3),(107,3),(497,3),(600,3),(692,3),(607,3),(385,3),(819,3),(267,3),(368,3),(527,3),(528,3),(773,3),(387,3),(261,3),(360,3),(776,3),(217,3),(175,3),(211,3),(112,3),(481,3),(755,3),(712,3),(795,3),(889,3),(268,3),(878,3),(369,3),(489,3),(876,3),(632,3),(556,3),(262,3),(664,3),(111,3),(279,3),(831,3),(411,3),(212,3),(602,3),(563,3),(399,3),(756,3),(705,3),(775,3),(543,3),(370,3),(703,3),(572,3),(389,3),(513,3),(263,3),(294,3),(156,3),(219,3),(196,3),(537,3),(832,3),(269,3),(727,3),(213,3),(663,3),(603,3),(284,3),(757,3),(151,3),(722,3),(270,3),(371,3),(167,3),(610,3),(390,3),(165,3),(264,3),(779,3),(415,3),(220,3),(287,3),(833,3),(642,3),(328,3),(416,3),(214,3),(174,3),(604,3),(496,3),(102,3),(714,3),(271,3),(657,3),(710,3),(372,3),(749,3),(391,3),(265,3),(142,3),(451,3),(221,3),(834,3),(277,3),(295,3),(215,3),(182,3),(131,3),(605,3),(824,3),(688,3),(759,3),(862,3),(243,3),(272,3),(373,3),(260,3),(748,3),(606,3),(685,3),(216,3),(445,3),(150,3),(222,3),(619,3),(638,3),(344,3),(693,3);
/*!40000 ALTER TABLE `event_victim` ENABLE KEYS */;
UNLOCK TABLES;

--
-- Table structure for table `event_witness`
--

DROP TABLE IF EXISTS `event_witness`;
/*!40101 SET @saved_cs_client     = @@character_set_client */;
/*!40101 SET character_set_client = utf8 */;
CREATE TABLE `event_witness` (
  `event_id` bigint(20) DEFAULT NULL,
  `witness_id` bigint(20) DEFAULT NULL,
  KEY `event_id` (`event_id`),
  KEY `witness_id` (`witness_id`),
  CONSTRAINT `event_witness_ibfk_1` FOREIGN KEY (`event_id`) REFERENCES `events` (`id`),
  CONSTRAINT `event_witness_ibfk_2` FOREIGN KEY (`witness_id`) REFERENCES `actors` (`id`)
) ENGINE=InnoDB DEFAULT CHARSET=latin1;
/*!40101 SET character_set_client = @saved_cs_client */;

--
-- Dumping data for table `event_witness`
--

LOCK TABLES `event_witness` WRITE;
/*!40000 ALTER TABLE `event_witness` DISABLE KEYS */;
INSERT INTO `event_witness` VALUES (1,1),(1,3),(85,1),(48,1),(84,3),(15,3),(53,1),(56,1),(90,3),(79,1),(16,3),(39,3),(54,3),(20,3),(47,3),(4,3),(10,3),(17,3),(50,3),(40,3),(55,1),(87,1),(18,1),(41,3),(81,1),(12,1),(31,1),(88,3),(6,3),(42,1),(32,3),(82,1),(34,1),(33,1),(13,3),(29,1),(14,3),(83,1),(89,1),(58,1),(19,1),(86,1),(96,1),(59,1),(65,3),(45,3),(80,1),(21,3),(78,1),(44,3),(27,3),(76,3),(72,1),(97,1),(38,3),(66,1),(22,3),(11,3),(3,3),(60,3),(73,3),(98,3),(67,3),(92,1),(51,1),(35,1),(61,1),(23,1),(74,3),(99,3),(68,1),(49,1),(36,1),(62,1),(52,1),(93,3),(24,1),(75,3),(100,3),(77,1),(69,3),(94,3),(46,1),(37,3),(63,1),(91,3),(25,1),(8,3),(30,1),(101,3),(9,3),(70,3),(95,3),(2,1),(71,3),(57,3),(43,1),(64,3),(5,1),(7,1),(26,3),(28,1),(854,3),(806,1),(229,3),(139,3),(645,1),(384,1),(397,1),(861,3),(108,3),(691,3),(720,3),(526,1),(594,3),(176,3),(507,1),(343,1),(444,1),(236,3),(849,1),(438,3),(896,1),(307,3),(230,1),(310,1),(665,1),(752,1),(745,1),(595,3),(407,1),(508,1),(670,1),(237,3),(850,1),(439,3),(231,1),(863,3),(542,1),(877,3),(596,3),(408,1),(446,1),(392,1),(238,1),(498,3),(851,3),(440,3),(332,3),(115,3),(648,3),(778,3),(864,1),(827,1),(597,1),(409,3),(447,3),(534,1),(791,3),(239,1),(679,3),(852,1),(441,1),(677,3),(233,1),(865,3),(452,3),(598,3),(881,1),(469,3),(636,1),(347,3),(296,3),(511,1),(240,1),(622,3),(853,1),(302,3),(442,1),(855,1),(234,3),(866,3),(574,3),(599,3),(716,1),(726,3),(348,3),(449,1),(821,1),(382,1),(750,3),(785,3),(611,1),(406,3),(195,3),(177,3),(880,3),(450,1),(194,3),(836,1),(223,3),(786,1),(137,1),(198,3),(897,3),(614,3),(318,1),(288,1),(763,1),(312,1),(192,3),(659,1),(858,3),(576,3),(224,3),(894,1),(837,1),(199,3),(761,1),(615,1),(500,1),(319,3),(847,1),(313,1),(404,3),(808,1),(193,1),(414,3),(780,3),(577,1),(225,1),(891,3),(838,3),(317,3),(694,3),(333,1),(616,1),(418,1),(320,1),(818,1),(484,1),(143,1),(119,3),(668,3),(578,3),(892,3),(751,1),(680,1),(136,3),(796,1),(201,3),(153,3),(321,3),(848,3),(226,3),(485,1),(144,3),(558,3),(184,1),(579,3),(454,1),(245,3),(840,3),(696,3),(734,3),(618,3),(309,1),(367,3),(316,3),(145,1),(695,1),(531,3),(669,3),(580,3),(474,1),(455,3),(550,1),(581,3),(191,3),(203,3),(172,1),(323,1),(394,1),(875,1),(178,1),(842,3),(503,3),(617,3),(715,3),(349,3),(787,3),(811,3),(538,3),(856,3),(494,3),(662,1),(667,3),(488,1),(718,3),(283,3),(292,1),(608,1),(147,3),(898,3),(746,3),(173,3),(564,3),(711,3),(128,1),(762,1),(350,1),(812,1),(519,1),(293,3),(633,1),(571,1),(747,3),(781,1),(132,1),(106,3),(121,3),(844,1),(334,3),(888,1),(813,1),(458,1),(675,3),(490,3),(609,1),(364,3),(654,3),(114,3),(339,1),(134,1),(566,3),(681,1),(541,3),(352,1),(273,3),(814,3),(227,1),(676,1),(491,1),(559,3),(365,1),(354,3),(655,3),(754,3),(340,1),(567,3),(846,3),(735,1),(353,1),(815,3),(129,3),(183,3),(202,3),(366,3),(536,1),(656,3),(341,1),(568,1),(152,1),(816,1),(133,1),(499,3),(544,3),(345,1),(355,1),(493,3),(324,1),(130,1),(386,3),(322,1),(509,3),(118,3),(146,3),(117,1),(266,1),(872,1),(431,3),(124,3),(698,1),(767,3),(116,1),(803,1),(588,3),(899,1),(625,3),(135,3),(671,3),(356,1),(520,3),(828,3),(432,1),(336,1),(782,3),(804,1),(768,3),(255,3),(589,3),(817,3),(626,1),(171,1),(396,1),(256,3),(357,3),(232,1),(521,3),(274,1),(433,1),(162,3),(769,3),(251,1),(901,1),(627,3),(601,3),(788,1),(257,1),(358,3),(228,1),(522,3),(207,1),(434,3),(163,1),(770,1),(380,3),(591,3),(661,3),(628,1),(736,3),(258,3),(359,1),(699,3),(149,1),(523,3),(197,1),(885,3),(435,3),(443,1),(403,1),(164,1),(771,1),(592,1),(629,1),(259,3),(586,3),(346,1),(314,3),(524,1),(777,3),(437,3),(325,3),(105,1),(436,3),(210,3),(160,3),(843,1),(487,3),(704,1),(587,3),(789,1),(593,1),(890,1),(879,1),(630,1),(109,1),(456,3),(826,3),(867,3),(248,3),(900,3),(871,3),(393,1),(739,3),(204,1),(733,3),(721,3),(764,3),(573,3),(835,1),(425,3),(792,1),(797,1),(154,3),(482,1),(419,1),(873,3),(305,1),(640,1),(783,3),(457,1),(249,1),(672,1),(205,1),(532,1),(514,1),(470,3),(569,1),(426,3),(649,3),(728,3),(678,1),(155,1),(583,3),(420,3),(329,1),(306,3),(123,3),(395,1),(683,1),(206,1),(141,1),(515,3),(471,1),(427,1),(729,1),(799,3),(208,3),(126,1),(278,1),(658,1),(459,1),(127,1),(886,3),(122,1),(516,3),(737,3),(666,1),(472,1),(290,3),(428,1),(700,3),(730,3),(308,3),(157,1),(218,1),(422,1),(460,3),(138,3),(252,3),(533,3),(286,1),(561,1),(253,3),(517,1),(298,3),(110,1),(473,3),(859,3),(410,1),(731,1),(158,1),(805,3),(423,1),(612,1),(161,3),(461,1),(860,3),(684,1),(820,3),(120,1),(209,3),(790,1),(311,1),(634,1),(462,3),(518,3),(613,3),(732,3),(802,3),(801,3),(486,1),(374,3),(590,1),(179,3),(330,1),(753,1),(765,3),(560,1),(166,1),(185,1),(646,3),(362,3),(242,1),(551,3),(784,1),(869,3),(530,3),(673,1),(113,3),(868,3),(381,3),(375,3),(825,3),(331,1),(650,1),(186,3),(276,1),(845,1),(823,3),(552,1),(337,1),(689,1),(398,3),(647,1),(401,1),(492,3),(686,1),(674,3),(376,3),(168,3),(893,3),(187,1),(882,3),(717,1),(244,3),(637,1),(553,1),(582,1),(723,1),(402,1),(631,3),(738,3),(377,3),(297,1),(125,1),(169,1),(701,3),(188,1),(405,3),(539,1),(682,3),(623,3),(140,3),(554,1),(651,1),(383,3),(289,3),(652,1),(254,1),(495,3),(378,3),(170,1),(388,1),(430,3),(189,3),(315,1),(327,1),(246,1),(555,1),(798,1),(687,3),(841,1),(830,1),(512,3),(690,1),(635,1),(379,1),(335,3),(887,1),(190,3),(874,1),(621,3),(424,1),(247,1),(829,3),(624,3),(200,3),(774,1),(510,1),(291,1),(180,1),(895,1),(708,3),(448,3),(235,3),(535,1),(707,1),(760,3),(361,3),(570,1),(363,3),(475,1),(412,3),(639,1),(653,1),(280,3),(429,1),(463,3),(545,1),(501,3),(585,1),(740,1),(476,3),(413,3),(338,1),(299,1),(697,3),(104,1),(326,3),(480,1),(883,3),(103,1),(794,3),(281,1),(772,3),(464,3),(565,1),(793,1),(546,1),(502,1),(660,3),(741,3),(477,3),(758,3),(300,3),(641,1),(275,3),(421,1),(562,3),(724,3),(465,1),(702,3),(547,1),(282,1),(540,1),(742,1),(478,3),(483,3),(301,1),(400,1),(870,3),(709,3),(525,3),(351,1),(713,3),(529,1),(250,3),(548,3),(241,1),(504,1),(807,3),(453,1),(743,1),(479,3),(466,3),(342,1),(643,3),(800,1),(822,1),(857,3),(706,3),(839,3),(766,1),(467,3),(549,1),(884,1),(719,3),(505,1),(810,3),(159,3),(744,1),(809,3),(417,1),(584,1),(303,3),(725,1),(285,1),(181,1),(304,3),(506,3),(620,3),(575,3),(468,1),(644,3),(557,3),(148,1),(107,3),(497,3),(600,1),(692,1),(607,1),(385,3),(819,3),(267,3),(368,3),(527,3),(528,1),(773,1),(387,3),(261,3),(360,3),(776,3),(217,3),(175,3),(211,1),(112,3),(481,3),(755,3),(712,3),(795,1),(889,1),(268,1),(878,1),(369,1),(489,1),(876,3),(632,3),(556,1),(262,1),(664,1),(111,3),(279,3),(831,3),(411,3),(212,3),(602,3),(563,3),(399,3),(756,3),(705,1),(775,1),(543,3),(370,1),(703,3),(572,3),(389,3),(513,1),(263,3),(294,3),(156,1),(219,1),(196,1),(537,1),(832,3),(269,3),(727,1),(213,1),(663,1),(603,3),(284,3),(757,1),(151,3),(722,1),(270,1),(371,3),(167,1),(610,1),(390,3),(165,3),(264,3),(779,1),(415,3),(220,3),(287,3),(833,3),(642,3),(328,3),(416,3),(214,1),(174,1),(604,1),(496,1),(102,3),(714,3),(271,1),(657,1),(710,1),(372,1),(749,3),(391,3),(265,1),(142,3),(451,3),(221,1),(834,1),(277,3),(295,3),(215,3),(182,3),(131,1),(605,3),(824,1),(688,1),(759,1),(862,1),(243,3),(272,3),(373,1),(260,3),(748,3),(606,3),(685,3),(216,1),(445,3),(150,3),(222,3),(619,3),(638,3),(344,1),(693,1);
/*!40000 ALTER TABLE `event_witness` ENABLE KEYS */;
UNLOCK TABLES;

--
-- Table structure for table `events`
--

DROP TABLE IF EXISTS `events`;
/*!40101 SET @saved_cs_client     = @@character_set_client */;
/*!40101 SET character_set_client = utf8 */;
CREATE TABLE `events` (
  `id` bigint(20) NOT NULL AUTO_INCREMENT,
  `title` varchar(200) NOT NULL,
  `description` text,
  `charges` text,
  `detention_date` date NOT NULL,
  `release_date` date DEFAULT NULL,
  `report_date` date NOT NULL,
  `psych_assist` tinyint(1) NOT NULL,
  `material_assist` tinyint(1) NOT NULL,
  `consequences` text,
  `was_activist` tinyint(1) NOT NULL,
  `victim_is_complainant` tinyint(1) NOT NULL,
  `allow_storage` tinyint(1) NOT NULL,
  `allow_publishing` tinyint(1) NOT NULL,
  `allow_representation` tinyint(1) NOT NULL,
  `data_is_sensitive` tinyint(1) NOT NULL,
  `report_id` bigint(20) DEFAULT NULL,
  `owner_id` bigint(20) NOT NULL,
  `public` tinyint(1) NOT NULL,
  PRIMARY KEY (`id`),
  KEY `report_id` (`report_id`),
  KEY `owner_id` (`owner_id`),
  CONSTRAINT `events_ibfk_1` FOREIGN KEY (`report_id`) REFERENCES `reports` (`id`),
  CONSTRAINT `events_ibfk_2` FOREIGN KEY (`owner_id`) REFERENCES `users` (`id`)
) ENGINE=InnoDB AUTO_INCREMENT=902 DEFAULT CHARSET=latin1;
/*!40101 SET character_set_client = @saved_cs_client */;

--
-- Dumping data for table `events`
--

LOCK TABLES `events` WRITE;
/*!40000 ALTER TABLE `events` DISABLE KEYS */;
INSERT INTO `events` VALUES (1,'Event 1','Cyber criminal infiltration of GCHQ','Espionage, Computer fraud','2014-10-10','2015-01-03','2015-10-10',0,1,NULL,1,0,1,1,1,0,1,3,0),(2,'an automated title','an automated desc',NULL,'2015-01-01','2015-01-02','2015-05-08',0,0,NULL,0,0,0,0,0,0,NULL,3,0),(3,'an automated title','an automated desc',NULL,'2015-01-01','2015-01-02','2015-05-04',0,0,NULL,0,0,0,0,0,0,NULL,3,0),(4,'an automated title','an automated desc',NULL,'2015-01-01','2015-01-02','2015-05-11',0,0,NULL,0,0,0,0,0,0,NULL,3,0),(5,'an automated title','an automated desc',NULL,'2015-01-01','2015-01-02','2015-05-15',0,0,NULL,0,0,0,0,0,0,NULL,3,0),(6,'an automated title','an automated desc',NULL,'2015-01-01','2015-01-02','2015-04-22',0,0,NULL,0,0,0,0,0,0,NULL,3,0),(7,'an automated title','an automated desc',NULL,'2015-01-01','2015-01-02','2015-05-07',0,0,NULL,0,0,0,0,0,0,NULL,3,0),(8,'an automated title','an automated desc',NULL,'2015-01-01','2015-01-02','2015-04-18',0,0,NULL,0,0,0,0,0,0,NULL,3,0),(9,'an automated title','an automated desc',NULL,'2015-01-01','2015-01-02','2015-04-22',0,0,NULL,0,0,0,0,0,0,NULL,3,0),(10,'an automated title','an automated desc',NULL,'2015-01-01','2015-01-02','2015-05-04',0,0,NULL,0,0,0,0,0,0,NULL,3,0),(11,'an automated title','an automated desc',NULL,'2015-01-01','2015-01-02','2015-04-29',0,0,NULL,0,0,0,0,0,0,NULL,3,0),(12,'an automated title','an automated desc',NULL,'2015-01-01','2015-01-02','2015-05-14',0,0,NULL,0,0,0,0,0,0,NULL,3,0),(13,'an automated title','an automated desc',NULL,'2015-01-01','2015-01-02','2015-05-05',0,0,NULL,0,0,0,0,0,0,NULL,3,0),(14,'an automated title','an automated desc',NULL,'2015-01-01','2015-01-02','2015-05-12',0,0,NULL,0,0,0,0,0,0,NULL,3,0),(15,'an automated title','an automated desc',NULL,'2015-01-01','2015-01-02','2015-04-23',0,0,NULL,0,0,0,0,0,0,NULL,3,0),(16,'an automated title','an automated desc',NULL,'2015-01-01','2015-01-02','2015-05-12',0,0,NULL,0,0,0,0,0,0,NULL,3,0),(17,'an automated title','an automated desc',NULL,'2015-01-01','2015-01-02','2015-04-21',0,0,NULL,0,0,0,0,0,0,NULL,3,0),(18,'an automated title','an automated desc',NULL,'2015-01-01','2015-01-02','2015-05-10',0,0,NULL,0,0,0,0,0,0,NULL,3,0),(19,'an automated title','an automated desc',NULL,'2015-01-01','2015-01-02','2015-04-25',0,0,NULL,0,0,0,0,0,0,NULL,3,0),(20,'an automated title','an automated desc',NULL,'2015-01-01','2015-01-02','2015-05-08',0,0,NULL,0,0,0,0,0,0,NULL,3,0),(21,'an automated title','an automated desc',NULL,'2015-01-01','2015-01-02','2015-05-01',0,0,NULL,0,0,0,0,0,0,NULL,3,0),(22,'an automated title','an automated desc',NULL,'2015-01-01','2015-01-02','2015-05-01',0,0,NULL,0,0,0,0,0,0,NULL,3,0),(23,'an automated title','an automated desc',NULL,'2015-01-01','2015-01-02','2015-05-04',0,0,NULL,0,0,0,0,0,0,NULL,3,0),(24,'an automated title','an automated desc',NULL,'2015-01-01','2015-01-02','2015-05-04',0,0,NULL,0,0,0,0,0,0,NULL,3,0),(25,'an automated title','an automated desc',NULL,'2015-01-01','2015-01-02','2015-04-30',0,0,NULL,0,0,0,0,0,0,NULL,3,0),(26,'an automated title','an automated desc',NULL,'2015-01-01','2015-01-02','2015-05-11',0,0,NULL,0,0,0,0,0,0,NULL,3,0),(27,'an automated title','an automated desc',NULL,'2015-01-01','2015-01-02','2015-05-03',0,0,NULL,0,0,0,0,0,0,NULL,3,0),(28,'an automated title','an automated desc',NULL,'2015-01-01','2015-01-02','2015-05-12',0,0,NULL,0,0,0,0,0,0,NULL,3,0),(29,'an automated title','an automated desc',NULL,'2015-01-01','2015-01-02','2015-04-19',0,0,NULL,0,0,0,0,0,0,NULL,3,0),(30,'an automated title','an automated desc',NULL,'2015-01-01','2015-01-02','2015-05-08',0,0,NULL,0,0,0,0,0,0,NULL,3,0),(31,'an automated title','an automated desc',NULL,'2015-01-01','2015-01-02','2015-05-01',0,0,NULL,0,0,0,0,0,0,NULL,3,0),(32,'an automated title','an automated desc',NULL,'2015-01-01','2015-01-02','2015-04-19',0,0,NULL,0,0,0,0,0,0,NULL,3,0),(33,'an automated title','an automated desc',NULL,'2015-01-01','2015-01-02','2015-04-22',0,0,NULL,0,0,0,0,0,0,NULL,3,0),(34,'an automated title','an automated desc',NULL,'2015-01-01','2015-01-02','2015-05-15',0,0,NULL,0,0,0,0,0,0,NULL,3,0),(35,'an automated title','an automated desc',NULL,'2015-01-01','2015-01-02','2015-04-21',0,0,NULL,0,0,0,0,0,0,NULL,3,0),(36,'an automated title','an automated desc',NULL,'2015-01-01','2015-01-02','2015-04-29',0,0,NULL,0,0,0,0,0,0,NULL,3,0),(37,'an automated title','an automated desc',NULL,'2015-01-01','2015-01-02','2015-05-13',0,0,NULL,0,0,0,0,0,0,NULL,3,0),(38,'an automated title','an automated desc',NULL,'2015-01-01','2015-01-02','2015-04-18',0,0,NULL,0,0,0,0,0,0,NULL,3,0),(39,'an automated title','an automated desc',NULL,'2015-01-01','2015-01-02','2015-05-01',0,0,NULL,0,0,0,0,0,0,NULL,3,0),(40,'an automated title','an automated desc',NULL,'2015-01-01','2015-01-02','2015-05-01',0,0,NULL,0,0,0,0,0,0,NULL,3,0),(41,'an automated title','an automated desc',NULL,'2015-01-01','2015-01-02','2015-05-04',0,0,NULL,0,0,0,0,0,0,NULL,3,0),(42,'an automated title','an automated desc',NULL,'2015-01-01','2015-01-02','2015-04-20',0,0,NULL,0,0,0,0,0,0,NULL,3,0),(43,'an automated title','an automated desc',NULL,'2015-01-01','2015-01-02','2015-05-09',0,0,NULL,0,0,0,0,0,0,NULL,3,0),(44,'an automated title','an automated desc',NULL,'2015-01-01','2015-01-02','2015-05-04',0,0,NULL,0,0,0,0,0,0,NULL,3,0),(45,'an automated title','an automated desc',NULL,'2015-01-01','2015-01-02','2015-04-18',0,0,NULL,0,0,0,0,0,0,NULL,3,0),(46,'an automated title','an automated desc',NULL,'2015-01-01','2015-01-02','2015-05-02',0,0,NULL,0,0,0,0,0,0,NULL,3,0),(47,'an automated title','an automated desc',NULL,'2015-01-01','2015-01-02','2015-04-19',0,0,NULL,0,0,0,0,0,0,NULL,3,0),(48,'an automated title','an automated desc',NULL,'2015-01-01','2015-01-02','2015-05-04',0,0,NULL,0,0,0,0,0,0,NULL,3,0),(49,'an automated title','an automated desc',NULL,'2015-01-01','2015-01-02','2015-04-29',0,0,NULL,0,0,0,0,0,0,NULL,3,0),(50,'an automated title','an automated desc',NULL,'2015-01-01','2015-01-02','2015-05-06',0,0,NULL,0,0,0,0,0,0,NULL,3,0),(51,'an automated title','an automated desc',NULL,'2015-01-01','2015-01-02','2015-04-19',0,0,NULL,0,0,0,0,0,0,NULL,3,0),(52,'an automated title','an automated desc',NULL,'2015-01-01','2015-01-02','2015-05-08',0,0,NULL,0,0,0,0,0,0,NULL,3,0),(53,'an automated title','an automated desc',NULL,'2015-01-01','2015-01-02','2015-05-03',0,0,NULL,0,0,0,0,0,0,NULL,3,0),(54,'an automated title','an automated desc',NULL,'2015-01-01','2015-01-02','2015-04-26',0,0,NULL,0,0,0,0,0,0,NULL,3,0),(55,'an automated title','an automated desc',NULL,'2015-01-01','2015-01-02','2015-04-17',0,0,NULL,0,0,0,0,0,0,NULL,3,0),(56,'an automated title','an automated desc',NULL,'2015-01-01','2015-01-02','2015-05-08',0,0,NULL,0,0,0,0,0,0,NULL,3,0),(57,'an automated title','an automated desc',NULL,'2015-01-01','2015-01-02','2015-04-20',0,0,NULL,0,0,0,0,0,0,NULL,3,0),(58,'an automated title','an automated desc',NULL,'2015-01-01','2015-01-02','2015-05-01',0,0,NULL,0,0,0,0,0,0,NULL,3,0),(59,'an automated title','an automated desc',NULL,'2015-01-01','2015-01-02','2015-04-19',0,0,NULL,0,0,0,0,0,0,NULL,3,0),(60,'an automated title','an automated desc',NULL,'2015-01-01','2015-01-02','2015-04-20',0,0,NULL,0,0,0,0,0,0,NULL,3,0),(61,'an automated title','an automated desc',NULL,'2015-01-01','2015-01-02','2015-04-17',0,0,NULL,0,0,0,0,0,0,NULL,3,0),(62,'an automated title','an automated desc',NULL,'2015-01-01','2015-01-02','2015-04-20',0,0,NULL,0,0,0,0,0,0,NULL,3,0),(63,'an automated title','an automated desc',NULL,'2015-01-01','2015-01-02','2015-05-15',0,0,NULL,0,0,0,0,0,0,NULL,3,0),(64,'an automated title','an automated desc',NULL,'2015-01-01','2015-01-02','2015-05-07',0,0,NULL,0,0,0,0,0,0,NULL,3,0),(65,'an automated title','an automated desc',NULL,'2015-01-01','2015-01-02','2015-05-02',0,0,NULL,0,0,0,0,0,0,NULL,3,0),(66,'an automated title','an automated desc',NULL,'2015-01-01','2015-01-02','2015-05-02',0,0,NULL,0,0,0,0,0,0,NULL,3,0),(67,'an automated title','an automated desc',NULL,'2015-01-01','2015-01-02','2015-05-12',0,0,NULL,0,0,0,0,0,0,NULL,3,0),(68,'an automated title','an automated desc',NULL,'2015-01-01','2015-01-02','2015-04-22',0,0,NULL,0,0,0,0,0,0,NULL,3,0),(69,'an automated title','an automated desc',NULL,'2015-01-01','2015-01-02','2015-05-09',0,0,NULL,0,0,0,0,0,0,NULL,3,0),(70,'an automated title','an automated desc',NULL,'2015-01-01','2015-01-02','2015-05-11',0,0,NULL,0,0,0,0,0,0,NULL,3,0),(71,'an automated title','an automated desc',NULL,'2015-01-01','2015-01-02','2015-05-01',0,0,NULL,0,0,0,0,0,0,NULL,3,0),(72,'an automated title','an automated desc',NULL,'2015-01-01','2015-01-02','2015-05-04',0,0,NULL,0,0,0,0,0,0,NULL,3,0),(73,'an automated title','an automated desc',NULL,'2015-01-01','2015-01-02','2015-05-15',0,0,NULL,0,0,0,0,0,0,NULL,3,0),(74,'an automated title','an automated desc',NULL,'2015-01-01','2015-01-02','2015-04-19',0,0,NULL,0,0,0,0,0,0,NULL,3,0),(75,'an automated title','an automated desc',NULL,'2015-01-01','2015-01-02','2015-04-25',0,0,NULL,0,0,0,0,0,0,NULL,3,0),(76,'an automated title','an automated desc',NULL,'2015-01-01','2015-01-02','2015-05-01',0,0,NULL,0,0,0,0,0,0,NULL,3,0),(77,'an automated title','an automated desc',NULL,'2015-01-01','2015-01-02','2015-05-13',0,0,NULL,0,0,0,0,0,0,NULL,3,0),(78,'an automated title','an automated desc',NULL,'2015-01-01','2015-01-02','2015-05-07',0,0,NULL,0,0,0,0,0,0,NULL,3,0),(79,'an automated title','an automated desc',NULL,'2015-01-01','2015-01-02','2015-04-18',0,0,NULL,0,0,0,0,0,0,NULL,3,0),(80,'an automated title','an automated desc',NULL,'2015-01-01','2015-01-02','2015-04-26',0,0,NULL,0,0,0,0,0,0,NULL,3,0),(81,'an automated title','an automated desc',NULL,'2015-01-01','2015-01-02','2015-05-13',0,0,NULL,0,0,0,0,0,0,NULL,3,0),(82,'an automated title','an automated desc',NULL,'2015-01-01','2015-01-02','2015-05-11',0,0,NULL,0,0,0,0,0,0,NULL,3,0),(83,'an automated title','an automated desc',NULL,'2015-01-01','2015-01-02','2015-04-23',0,0,NULL,0,0,0,0,0,0,NULL,3,0),(84,'an automated title','an automated desc',NULL,'2015-01-01','2015-01-02','2015-04-24',0,0,NULL,0,0,0,0,0,0,NULL,3,0),(85,'an automated title','an automated desc',NULL,'2015-01-01','2015-01-02','2015-04-26',0,0,NULL,0,0,0,0,0,0,NULL,3,0),(86,'an automated title','an automated desc',NULL,'2015-01-01','2015-01-02','2015-05-05',0,0,NULL,0,0,0,0,0,0,NULL,3,0),(87,'an automated title','an automated desc',NULL,'2015-01-01','2015-01-02','2015-05-07',0,0,NULL,0,0,0,0,0,0,NULL,3,0),(88,'an automated title','an automated desc',NULL,'2015-01-01','2015-01-02','2015-05-16',0,0,NULL,0,0,0,0,0,0,NULL,3,0),(89,'an automated title','an automated desc',NULL,'2015-01-01','2015-01-02','2015-04-22',0,0,NULL,0,0,0,0,0,0,NULL,3,0),(90,'an automated title','an automated desc',NULL,'2015-01-01','2015-01-02','2015-05-09',0,0,NULL,0,0,0,0,0,0,NULL,3,0),(91,'an automated title','an automated desc',NULL,'2015-01-01','2015-01-02','2015-05-12',0,0,NULL,0,0,0,0,0,0,NULL,3,0),(92,'an automated title','an automated desc',NULL,'2015-01-01','2015-01-02','2015-05-14',0,0,NULL,0,0,0,0,0,0,NULL,3,0),(93,'an automated title','an automated desc',NULL,'2015-01-01','2015-01-02','2015-04-27',0,0,NULL,0,0,0,0,0,0,NULL,3,0),(94,'an automated title','an automated desc',NULL,'2015-01-01','2015-01-02','2015-05-12',0,0,NULL,0,0,0,0,0,0,NULL,3,0),(95,'an automated title','an automated desc',NULL,'2015-01-01','2015-01-02','2015-04-22',0,0,NULL,0,0,0,0,0,0,NULL,3,0),(96,'an automated title','an automated desc',NULL,'2015-01-01','2015-01-02','2015-04-18',0,0,NULL,0,0,0,0,0,0,NULL,3,0),(97,'an automated title','an automated desc',NULL,'2015-01-01','2015-01-02','2015-04-26',0,0,NULL,0,0,0,0,0,0,NULL,3,0),(98,'an automated title','an automated desc',NULL,'2015-01-01','2015-01-02','2015-04-29',0,0,NULL,0,0,0,0,0,0,NULL,3,0),(99,'an automated title','an automated desc',NULL,'2015-01-01','2015-01-02','2015-05-15',0,0,NULL,0,0,0,0,0,0,NULL,3,0),(100,'an automated title','an automated desc',NULL,'2015-01-01','2015-01-02','2015-05-16',0,0,NULL,0,0,0,0,0,0,NULL,3,0),(101,'an automated title','an automated desc',NULL,'2015-01-01','2015-01-02','2015-04-18',0,0,NULL,0,0,0,0,0,0,NULL,3,0),(102,'an automated title','an automated desc',NULL,'2015-01-01','2015-01-02','2015-05-11',0,0,NULL,0,0,0,0,0,0,NULL,3,0),(103,'an automated title','an automated desc',NULL,'2015-01-01','2015-01-02','2015-04-21',0,0,NULL,0,0,0,0,0,0,NULL,3,0),(104,'an automated title','an automated desc',NULL,'2015-01-01','2015-01-02','2015-04-20',0,0,NULL,0,0,0,0,0,0,NULL,3,0),(105,'an automated title','an automated desc',NULL,'2015-01-01','2015-01-02','2015-04-30',0,0,NULL,0,0,0,0,0,0,NULL,3,0),(106,'an automated title','an automated desc',NULL,'2015-01-01','2015-01-02','2015-05-15',0,0,NULL,0,0,0,0,0,0,NULL,3,0),(107,'an automated title','an automated desc',NULL,'2015-01-01','2015-01-02','2015-05-10',0,0,NULL,0,0,0,0,0,0,NULL,3,0),(108,'an automated title','an automated desc',NULL,'2015-01-01','2015-01-02','2015-04-30',0,0,NULL,0,0,0,0,0,0,NULL,3,0),(109,'an automated title','an automated desc',NULL,'2015-01-01','2015-01-02','2015-04-17',0,0,NULL,0,0,0,0,0,0,NULL,3,0),(110,'an automated title','an automated desc',NULL,'2015-01-01','2015-01-02','2015-05-08',0,0,NULL,0,0,0,0,0,0,NULL,3,0),(111,'an automated title','an automated desc',NULL,'2015-01-01','2015-01-02','2015-05-01',0,0,NULL,0,0,0,0,0,0,NULL,3,0),(112,'an automated title','an automated desc',NULL,'2015-01-01','2015-01-02','2015-05-09',0,0,NULL,0,0,0,0,0,0,NULL,3,0),(113,'an automated title','an automated desc',NULL,'2015-01-01','2015-01-02','2015-05-01',0,0,NULL,0,0,0,0,0,0,NULL,3,0),(114,'an automated title','an automated desc',NULL,'2015-01-01','2015-01-02','2015-04-27',0,0,NULL,0,0,0,0,0,0,NULL,3,0),(115,'an automated title','an automated desc',NULL,'2015-01-01','2015-01-02','2015-04-18',0,0,NULL,0,0,0,0,0,0,NULL,3,0),(116,'an automated title','an automated desc',NULL,'2015-01-01','2015-01-02','2015-04-24',0,0,NULL,0,0,0,0,0,0,NULL,3,0),(117,'an automated title','an automated desc',NULL,'2015-01-01','2015-01-02','2015-04-26',0,0,NULL,0,0,0,0,0,0,NULL,3,0),(118,'an automated title','an automated desc',NULL,'2015-01-01','2015-01-02','2015-05-03',0,0,NULL,0,0,0,0,0,0,NULL,3,0),(119,'an automated title','an automated desc',NULL,'2015-01-01','2015-01-02','2015-04-20',0,0,NULL,0,0,0,0,0,0,NULL,3,0),(120,'an automated title','an automated desc',NULL,'2015-01-01','2015-01-02','2015-04-19',0,0,NULL,0,0,0,0,0,0,NULL,3,0),(121,'an automated title','an automated desc',NULL,'2015-01-01','2015-01-02','2015-05-14',0,0,NULL,0,0,0,0,0,0,NULL,3,0),(122,'an automated title','an automated desc',NULL,'2015-01-01','2015-01-02','2015-05-08',0,0,NULL,0,0,0,0,0,0,NULL,3,0),(123,'an automated title','an automated desc',NULL,'2015-01-01','2015-01-02','2015-04-25',0,0,NULL,0,0,0,0,0,0,NULL,3,0),(124,'an automated title','an automated desc',NULL,'2015-01-01','2015-01-02','2015-04-28',0,0,NULL,0,0,0,0,0,0,NULL,3,0),(125,'an automated title','an automated desc',NULL,'2015-01-01','2015-01-02','2015-05-03',0,0,NULL,0,0,0,0,0,0,NULL,3,0),(126,'an automated title','an automated desc',NULL,'2015-01-01','2015-01-02','2015-05-14',0,0,NULL,0,0,0,0,0,0,NULL,3,0),(127,'an automated title','an automated desc',NULL,'2015-01-01','2015-01-02','2015-04-23',0,0,NULL,0,0,0,0,0,0,NULL,3,0),(128,'an automated title','an automated desc',NULL,'2015-01-01','2015-01-02','2015-04-21',0,0,NULL,0,0,0,0,0,0,NULL,3,0),(129,'an automated title','an automated desc',NULL,'2015-01-01','2015-01-02','2015-05-12',0,0,NULL,0,0,0,0,0,0,NULL,3,0),(130,'an automated title','an automated desc',NULL,'2015-01-01','2015-01-02','2015-04-30',0,0,NULL,0,0,0,0,0,0,NULL,3,0),(131,'an automated title','an automated desc',NULL,'2015-01-01','2015-01-02','2015-05-10',0,0,NULL,0,0,0,0,0,0,NULL,3,0),(132,'an automated title','an automated desc',NULL,'2015-01-01','2015-01-02','2015-05-10',0,0,NULL,0,0,0,0,0,0,NULL,3,0),(133,'an automated title','an automated desc',NULL,'2015-01-01','2015-01-02','2015-05-03',0,0,NULL,0,0,0,0,0,0,NULL,3,0),(134,'an automated title','an automated desc',NULL,'2015-01-01','2015-01-02','2015-05-13',0,0,NULL,0,0,0,0,0,0,NULL,3,0),(135,'an automated title','an automated desc',NULL,'2015-01-01','2015-01-02','2015-05-06',0,0,NULL,0,0,0,0,0,0,NULL,3,0),(136,'an automated title','an automated desc',NULL,'2015-01-01','2015-01-02','2015-04-22',0,0,NULL,0,0,0,0,0,0,NULL,3,0),(137,'an automated title','an automated desc',NULL,'2015-01-01','2015-01-02','2015-04-26',0,0,NULL,0,0,0,0,0,0,NULL,3,0),(138,'an automated title','an automated desc',NULL,'2015-01-01','2015-01-02','2015-04-27',0,0,NULL,0,0,0,0,0,0,NULL,3,0),(139,'an automated title','an automated desc',NULL,'2015-01-01','2015-01-02','2015-04-27',0,0,NULL,0,0,0,0,0,0,NULL,3,0),(140,'an automated title','an automated desc',NULL,'2015-01-01','2015-01-02','2015-05-03',0,0,NULL,0,0,0,0,0,0,NULL,3,0),(141,'an automated title','an automated desc',NULL,'2015-01-01','2015-01-02','2015-04-30',0,0,NULL,0,0,0,0,0,0,NULL,3,0),(142,'an automated title','an automated desc',NULL,'2015-01-01','2015-01-02','2015-05-01',0,0,NULL,0,0,0,0,0,0,NULL,3,0),(143,'an automated title','an automated desc',NULL,'2015-01-01','2015-01-02','2015-05-05',0,0,NULL,0,0,0,0,0,0,NULL,3,0),(144,'an automated title','an automated desc',NULL,'2015-01-01','2015-01-02','2015-04-25',0,0,NULL,0,0,0,0,0,0,NULL,3,0),(145,'an automated title','an automated desc',NULL,'2015-01-01','2015-01-02','2015-05-06',0,0,NULL,0,0,0,0,0,0,NULL,3,0),(146,'an automated title','an automated desc',NULL,'2015-01-01','2015-01-02','2015-05-05',0,0,NULL,0,0,0,0,0,0,NULL,3,0),(147,'an automated title','an automated desc',NULL,'2015-01-01','2015-01-02','2015-04-26',0,0,NULL,0,0,0,0,0,0,NULL,3,0),(148,'an automated title','an automated desc',NULL,'2015-01-01','2015-01-02','2015-04-25',0,0,NULL,0,0,0,0,0,0,NULL,3,0),(149,'an automated title','an automated desc',NULL,'2015-01-01','2015-01-02','2015-04-27',0,0,NULL,0,0,0,0,0,0,NULL,3,0),(150,'an automated title','an automated desc',NULL,'2015-01-01','2015-01-02','2015-05-13',0,0,NULL,0,0,0,0,0,0,NULL,3,0),(151,'an automated title','an automated desc',NULL,'2015-01-01','2015-01-02','2015-05-01',0,0,NULL,0,0,0,0,0,0,NULL,3,0),(152,'an automated title','an automated desc',NULL,'2015-01-01','2015-01-02','2015-05-02',0,0,NULL,0,0,0,0,0,0,NULL,3,0),(153,'an automated title','an automated desc',NULL,'2015-01-01','2015-01-02','2015-04-20',0,0,NULL,0,0,0,0,0,0,NULL,3,0),(154,'an automated title','an automated desc',NULL,'2015-01-01','2015-01-02','2015-04-24',0,0,NULL,0,0,0,0,0,0,NULL,3,0),(155,'an automated title','an automated desc',NULL,'2015-01-01','2015-01-02','2015-04-23',0,0,NULL,0,0,0,0,0,0,NULL,3,0),(156,'an automated title','an automated desc',NULL,'2015-01-01','2015-01-02','2015-05-01',0,0,NULL,0,0,0,0,0,0,NULL,3,0),(157,'an automated title','an automated desc',NULL,'2015-01-01','2015-01-02','2015-04-27',0,0,NULL,0,0,0,0,0,0,NULL,3,0),(158,'an automated title','an automated desc',NULL,'2015-01-01','2015-01-02','2015-05-04',0,0,NULL,0,0,0,0,0,0,NULL,3,0),(159,'an automated title','an automated desc',NULL,'2015-01-01','2015-01-02','2015-04-26',0,0,NULL,0,0,0,0,0,0,NULL,3,0),(160,'an automated title','an automated desc',NULL,'2015-01-01','2015-01-02','2015-05-17',0,0,NULL,0,0,0,0,0,0,NULL,3,0),(161,'an automated title','an automated desc',NULL,'2015-01-01','2015-01-02','2015-05-01',0,0,NULL,0,0,0,0,0,0,NULL,3,0),(162,'an automated title','an automated desc',NULL,'2015-01-01','2015-01-02','2015-05-08',0,0,NULL,0,0,0,0,0,0,NULL,3,0),(163,'an automated title','an automated desc',NULL,'2015-01-01','2015-01-02','2015-05-06',0,0,NULL,0,0,0,0,0,0,NULL,3,0),(164,'an automated title','an automated desc',NULL,'2015-01-01','2015-01-02','2015-05-12',0,0,NULL,0,0,0,0,0,0,NULL,3,0),(165,'an automated title','an automated desc',NULL,'2015-01-01','2015-01-02','2015-04-28',0,0,NULL,0,0,0,0,0,0,NULL,3,0),(166,'an automated title','an automated desc',NULL,'2015-01-01','2015-01-02','2015-04-30',0,0,NULL,0,0,0,0,0,0,NULL,3,0),(167,'an automated title','an automated desc',NULL,'2015-01-01','2015-01-02','2015-04-25',0,0,NULL,0,0,0,0,0,0,NULL,3,0),(168,'an automated title','an automated desc',NULL,'2015-01-01','2015-01-02','2015-05-15',0,0,NULL,0,0,0,0,0,0,NULL,3,0),(169,'an automated title','an automated desc',NULL,'2015-01-01','2015-01-02','2015-04-20',0,0,NULL,0,0,0,0,0,0,NULL,3,0),(170,'an automated title','an automated desc',NULL,'2015-01-01','2015-01-02','2015-05-03',0,0,NULL,0,0,0,0,0,0,NULL,3,0),(171,'an automated title','an automated desc',NULL,'2015-01-01','2015-01-02','2015-05-12',0,0,NULL,0,0,0,0,0,0,NULL,3,0),(172,'an automated title','an automated desc',NULL,'2015-01-01','2015-01-02','2015-05-12',0,0,NULL,0,0,0,0,0,0,NULL,3,0),(173,'an automated title','an automated desc',NULL,'2015-01-01','2015-01-02','2015-05-16',0,0,NULL,0,0,0,0,0,0,NULL,3,0),(174,'an automated title','an automated desc',NULL,'2015-01-01','2015-01-02','2015-04-20',0,0,NULL,0,0,0,0,0,0,NULL,3,0),(175,'an automated title','an automated desc',NULL,'2015-01-01','2015-01-02','2015-04-22',0,0,NULL,0,0,0,0,0,0,NULL,3,0),(176,'an automated title','an automated desc',NULL,'2015-01-01','2015-01-02','2015-05-13',0,0,NULL,0,0,0,0,0,0,NULL,3,0),(177,'an automated title','an automated desc',NULL,'2015-01-01','2015-01-02','2015-05-10',0,0,NULL,0,0,0,0,0,0,NULL,3,0),(178,'an automated title','an automated desc',NULL,'2015-01-01','2015-01-02','2015-04-25',0,0,NULL,0,0,0,0,0,0,NULL,3,0),(179,'an automated title','an automated desc',NULL,'2015-01-01','2015-01-02','2015-05-01',0,0,NULL,0,0,0,0,0,0,NULL,3,0),(180,'an automated title','an automated desc',NULL,'2015-01-01','2015-01-02','2015-04-18',0,0,NULL,0,0,0,0,0,0,NULL,3,0),(181,'an automated title','an automated desc',NULL,'2015-01-01','2015-01-02','2015-05-16',0,0,NULL,0,0,0,0,0,0,NULL,3,0),(182,'an automated title','an automated desc',NULL,'2015-01-01','2015-01-02','2015-04-30',0,0,NULL,0,0,0,0,0,0,NULL,3,0),(183,'an automated title','an automated desc',NULL,'2015-01-01','2015-01-02','2015-05-03',0,0,NULL,0,0,0,0,0,0,NULL,3,0),(184,'an automated title','an automated desc',NULL,'2015-01-01','2015-01-02','2015-04-30',0,0,NULL,0,0,0,0,0,0,NULL,3,0),(185,'an automated title','an automated desc',NULL,'2015-01-01','2015-01-02','2015-04-19',0,0,NULL,0,0,0,0,0,0,NULL,3,0),(186,'an automated title','an automated desc',NULL,'2015-01-01','2015-01-02','2015-05-08',0,0,NULL,0,0,0,0,0,0,NULL,3,0),(187,'an automated title','an automated desc',NULL,'2015-01-01','2015-01-02','2015-04-30',0,0,NULL,0,0,0,0,0,0,NULL,3,0),(188,'an automated title','an automated desc',NULL,'2015-01-01','2015-01-02','2015-05-10',0,0,NULL,0,0,0,0,0,0,NULL,3,0),(189,'an automated title','an automated desc',NULL,'2015-01-01','2015-01-02','2015-05-14',0,0,NULL,0,0,0,0,0,0,NULL,3,0),(190,'an automated title','an automated desc',NULL,'2015-01-01','2015-01-02','2015-04-28',0,0,NULL,0,0,0,0,0,0,NULL,3,0),(191,'an automated title','an automated desc',NULL,'2015-01-01','2015-01-02','2015-04-24',0,0,NULL,0,0,0,0,0,0,NULL,3,0),(192,'an automated title','an automated desc',NULL,'2015-01-01','2015-01-02','2015-04-25',0,0,NULL,0,0,0,0,0,0,NULL,3,0),(193,'an automated title','an automated desc',NULL,'2015-01-01','2015-01-02','2015-05-14',0,0,NULL,0,0,0,0,0,0,NULL,3,0),(194,'an automated title','an automated desc',NULL,'2015-01-01','2015-01-02','2015-05-07',0,0,NULL,0,0,0,0,0,0,NULL,3,0),(195,'an automated title','an automated desc',NULL,'2015-01-01','2015-01-02','2015-05-13',0,0,NULL,0,0,0,0,0,0,NULL,3,0),(196,'an automated title','an automated desc',NULL,'2015-01-01','2015-01-02','2015-05-03',0,0,NULL,0,0,0,0,0,0,NULL,3,0),(197,'an automated title','an automated desc',NULL,'2015-01-01','2015-01-02','2015-04-24',0,0,NULL,0,0,0,0,0,0,NULL,3,0),(198,'an automated title','an automated desc',NULL,'2015-01-01','2015-01-02','2015-05-14',0,0,NULL,0,0,0,0,0,0,NULL,3,0),(199,'an automated title','an automated desc',NULL,'2015-01-01','2015-01-02','2015-05-14',0,0,NULL,0,0,0,0,0,0,NULL,3,0),(200,'an automated title','an automated desc',NULL,'2015-01-01','2015-01-02','2015-04-29',0,0,NULL,0,0,0,0,0,0,NULL,3,0),(201,'an automated title','an automated desc',NULL,'2015-01-01','2015-01-02','2015-04-21',0,0,NULL,0,0,0,0,0,0,NULL,3,0),(202,'an automated title','an automated desc',NULL,'2015-01-01','2015-01-02','2015-05-09',0,0,NULL,0,0,0,0,0,0,NULL,3,0),(203,'an automated title','an automated desc',NULL,'2015-01-01','2015-01-02','2015-04-20',0,0,NULL,0,0,0,0,0,0,NULL,3,0),(204,'an automated title','an automated desc',NULL,'2015-01-01','2015-01-02','2015-05-08',0,0,NULL,0,0,0,0,0,0,NULL,3,0),(205,'an automated title','an automated desc',NULL,'2015-01-01','2015-01-02','2015-05-14',0,0,NULL,0,0,0,0,0,0,NULL,3,0),(206,'an automated title','an automated desc',NULL,'2015-01-01','2015-01-02','2015-04-17',0,0,NULL,0,0,0,0,0,0,NULL,3,0),(207,'an automated title','an automated desc',NULL,'2015-01-01','2015-01-02','2015-05-10',0,0,NULL,0,0,0,0,0,0,NULL,3,0),(208,'an automated title','an automated desc',NULL,'2015-01-01','2015-01-02','2015-05-04',0,0,NULL,0,0,0,0,0,0,NULL,3,0),(209,'an automated title','an automated desc',NULL,'2015-01-01','2015-01-02','2015-05-02',0,0,NULL,0,0,0,0,0,0,NULL,3,0),(210,'an automated title','an automated desc',NULL,'2015-01-01','2015-01-02','2015-05-02',0,0,NULL,0,0,0,0,0,0,NULL,3,0),(211,'an automated title','an automated desc',NULL,'2015-01-01','2015-01-02','2015-04-18',0,0,NULL,0,0,0,0,0,0,NULL,3,0),(212,'an automated title','an automated desc',NULL,'2015-01-01','2015-01-02','2015-04-21',0,0,NULL,0,0,0,0,0,0,NULL,3,0),(213,'an automated title','an automated desc',NULL,'2015-01-01','2015-01-02','2015-05-04',0,0,NULL,0,0,0,0,0,0,NULL,3,0),(214,'an automated title','an automated desc',NULL,'2015-01-01','2015-01-02','2015-05-03',0,0,NULL,0,0,0,0,0,0,NULL,3,0),(215,'an automated title','an automated desc',NULL,'2015-01-01','2015-01-02','2015-05-03',0,0,NULL,0,0,0,0,0,0,NULL,3,0),(216,'an automated title','an automated desc',NULL,'2015-01-01','2015-01-02','2015-04-29',0,0,NULL,0,0,0,0,0,0,NULL,3,0),(217,'an automated title','an automated desc',NULL,'2015-01-01','2015-01-02','2015-04-18',0,0,NULL,0,0,0,0,0,0,NULL,3,0),(218,'an automated title','an automated desc',NULL,'2015-01-01','2015-01-02','2015-04-20',0,0,NULL,0,0,0,0,0,0,NULL,3,0),(219,'an automated title','an automated desc',NULL,'2015-01-01','2015-01-02','2015-05-12',0,0,NULL,0,0,0,0,0,0,NULL,3,0),(220,'an automated title','an automated desc',NULL,'2015-01-01','2015-01-02','2015-05-08',0,0,NULL,0,0,0,0,0,0,NULL,3,0),(221,'an automated title','an automated desc',NULL,'2015-01-01','2015-01-02','2015-04-18',0,0,NULL,0,0,0,0,0,0,NULL,3,0),(222,'an automated title','an automated desc',NULL,'2015-01-01','2015-01-02','2015-05-12',0,0,NULL,0,0,0,0,0,0,NULL,3,0),(223,'an automated title','an automated desc',NULL,'2015-01-01','2015-01-02','2015-05-03',0,0,NULL,0,0,0,0,0,0,NULL,3,0),(224,'an automated title','an automated desc',NULL,'2015-01-01','2015-01-02','2015-04-28',0,0,NULL,0,0,0,0,0,0,NULL,3,0),(225,'an automated title','an automated desc',NULL,'2015-01-01','2015-01-02','2015-05-11',0,0,NULL,0,0,0,0,0,0,NULL,3,0),(226,'an automated title','an automated desc',NULL,'2015-01-01','2015-01-02','2015-04-21',0,0,NULL,0,0,0,0,0,0,NULL,3,0),(227,'an automated title','an automated desc',NULL,'2015-01-01','2015-01-02','2015-04-30',0,0,NULL,0,0,0,0,0,0,NULL,3,0),(228,'an automated title','an automated desc',NULL,'2015-01-01','2015-01-02','2015-04-21',0,0,NULL,0,0,0,0,0,0,NULL,3,0),(229,'an automated title','an automated desc',NULL,'2015-01-01','2015-01-02','2015-04-18',0,0,NULL,0,0,0,0,0,0,NULL,3,0),(230,'an automated title','an automated desc',NULL,'2015-01-01','2015-01-02','2015-05-14',0,0,NULL,0,0,0,0,0,0,NULL,3,0),(231,'an automated title','an automated desc',NULL,'2015-01-01','2015-01-02','2015-04-18',0,0,NULL,0,0,0,0,0,0,NULL,3,0),(232,'an automated title','an automated desc',NULL,'2015-01-01','2015-01-02','2015-05-10',0,0,NULL,0,0,0,0,0,0,NULL,3,0),(233,'an automated title','an automated desc',NULL,'2015-01-01','2015-01-02','2015-04-21',0,0,NULL,0,0,0,0,0,0,NULL,3,0),(234,'an automated title','an automated desc',NULL,'2015-01-01','2015-01-02','2015-04-20',0,0,NULL,0,0,0,0,0,0,NULL,3,0),(235,'an automated title','an automated desc',NULL,'2015-01-01','2015-01-02','2015-05-16',0,0,NULL,0,0,0,0,0,0,NULL,3,0),(236,'an automated title','an automated desc',NULL,'2015-01-01','2015-01-02','2015-04-24',0,0,NULL,0,0,0,0,0,0,NULL,3,0),(237,'an automated title','an automated desc',NULL,'2015-01-01','2015-01-02','2015-05-11',0,0,NULL,0,0,0,0,0,0,NULL,3,0),(238,'an automated title','an automated desc',NULL,'2015-01-01','2015-01-02','2015-05-09',0,0,NULL,0,0,0,0,0,0,NULL,3,0),(239,'an automated title','an automated desc',NULL,'2015-01-01','2015-01-02','2015-05-12',0,0,NULL,0,0,0,0,0,0,NULL,3,0),(240,'an automated title','an automated desc',NULL,'2015-01-01','2015-01-02','2015-04-25',0,0,NULL,0,0,0,0,0,0,NULL,3,0),(241,'an automated title','an automated desc',NULL,'2015-01-01','2015-01-02','2015-04-21',0,0,NULL,0,0,0,0,0,0,NULL,3,0),(242,'an automated title','an automated desc',NULL,'2015-01-01','2015-01-02','2015-05-13',0,0,NULL,0,0,0,0,0,0,NULL,3,0),(243,'an automated title','an automated desc',NULL,'2015-01-01','2015-01-02','2015-04-21',0,0,NULL,0,0,0,0,0,0,NULL,3,0),(244,'an automated title','an automated desc',NULL,'2015-01-01','2015-01-02','2015-05-03',0,0,NULL,0,0,0,0,0,0,NULL,3,0),(245,'an automated title','an automated desc',NULL,'2015-01-01','2015-01-02','2015-05-09',0,0,NULL,0,0,0,0,0,0,NULL,3,0),(246,'an automated title','an automated desc',NULL,'2015-01-01','2015-01-02','2015-05-09',0,0,NULL,0,0,0,0,0,0,NULL,3,0),(247,'an automated title','an automated desc',NULL,'2015-01-01','2015-01-02','2015-05-10',0,0,NULL,0,0,0,0,0,0,NULL,3,0),(248,'an automated title','an automated desc',NULL,'2015-01-01','2015-01-02','2015-04-25',0,0,NULL,0,0,0,0,0,0,NULL,3,0),(249,'an automated title','an automated desc',NULL,'2015-01-01','2015-01-02','2015-05-03',0,0,NULL,0,0,0,0,0,0,NULL,3,0),(250,'an automated title','an automated desc',NULL,'2015-01-01','2015-01-02','2015-05-09',0,0,NULL,0,0,0,0,0,0,NULL,3,0),(251,'an automated title','an automated desc',NULL,'2015-01-01','2015-01-02','2015-05-10',0,0,NULL,0,0,0,0,0,0,NULL,3,0),(252,'an automated title','an automated desc',NULL,'2015-01-01','2015-01-02','2015-04-29',0,0,NULL,0,0,0,0,0,0,NULL,3,0),(253,'an automated title','an automated desc',NULL,'2015-01-01','2015-01-02','2015-05-08',0,0,NULL,0,0,0,0,0,0,NULL,3,0),(254,'an automated title','an automated desc',NULL,'2015-01-01','2015-01-02','2015-05-02',0,0,NULL,0,0,0,0,0,0,NULL,3,0),(255,'an automated title','an automated desc',NULL,'2015-01-01','2015-01-02','2015-05-08',0,0,NULL,0,0,0,0,0,0,NULL,3,0),(256,'an automated title','an automated desc',NULL,'2015-01-01','2015-01-02','2015-05-09',0,0,NULL,0,0,0,0,0,0,NULL,3,0),(257,'an automated title','an automated desc',NULL,'2015-01-01','2015-01-02','2015-04-20',0,0,NULL,0,0,0,0,0,0,NULL,3,0),(258,'an automated title','an automated desc',NULL,'2015-01-01','2015-01-02','2015-05-08',0,0,NULL,0,0,0,0,0,0,NULL,3,0),(259,'an automated title','an automated desc',NULL,'2015-01-01','2015-01-02','2015-05-11',0,0,NULL,0,0,0,0,0,0,NULL,3,0),(260,'an automated title','an automated desc',NULL,'2015-01-01','2015-01-02','2015-05-14',0,0,NULL,0,0,0,0,0,0,NULL,3,0),(261,'an automated title','an automated desc',NULL,'2015-01-01','2015-01-02','2015-04-19',0,0,NULL,0,0,0,0,0,0,NULL,3,0),(262,'an automated title','an automated desc',NULL,'2015-01-01','2015-01-02','2015-04-27',0,0,NULL,0,0,0,0,0,0,NULL,3,0),(263,'an automated title','an automated desc',NULL,'2015-01-01','2015-01-02','2015-04-24',0,0,NULL,0,0,0,0,0,0,NULL,3,0),(264,'an automated title','an automated desc',NULL,'2015-01-01','2015-01-02','2015-04-26',0,0,NULL,0,0,0,0,0,0,NULL,3,0),(265,'an automated title','an automated desc',NULL,'2015-01-01','2015-01-02','2015-05-08',0,0,NULL,0,0,0,0,0,0,NULL,3,0),(266,'an automated title','an automated desc',NULL,'2015-01-01','2015-01-02','2015-05-15',0,0,NULL,0,0,0,0,0,0,NULL,3,0),(267,'an automated title','an automated desc',NULL,'2015-01-01','2015-01-02','2015-05-16',0,0,NULL,0,0,0,0,0,0,NULL,3,0),(268,'an automated title','an automated desc',NULL,'2015-01-01','2015-01-02','2015-04-23',0,0,NULL,0,0,0,0,0,0,NULL,3,0),(269,'an automated title','an automated desc',NULL,'2015-01-01','2015-01-02','2015-05-08',0,0,NULL,0,0,0,0,0,0,NULL,3,0),(270,'an automated title','an automated desc',NULL,'2015-01-01','2015-01-02','2015-05-13',0,0,NULL,0,0,0,0,0,0,NULL,3,0),(271,'an automated title','an automated desc',NULL,'2015-01-01','2015-01-02','2015-04-20',0,0,NULL,0,0,0,0,0,0,NULL,3,0),(272,'an automated title','an automated desc',NULL,'2015-01-01','2015-01-02','2015-05-10',0,0,NULL,0,0,0,0,0,0,NULL,3,0),(273,'an automated title','an automated desc',NULL,'2015-01-01','2015-01-02','2015-05-11',0,0,NULL,0,0,0,0,0,0,NULL,3,0),(274,'an automated title','an automated desc',NULL,'2015-01-01','2015-01-02','2015-05-12',0,0,NULL,0,0,0,0,0,0,NULL,3,0),(275,'an automated title','an automated desc',NULL,'2015-01-01','2015-01-02','2015-04-20',0,0,NULL,0,0,0,0,0,0,NULL,3,0),(276,'an automated title','an automated desc',NULL,'2015-01-01','2015-01-02','2015-05-03',0,0,NULL,0,0,0,0,0,0,NULL,3,0),(277,'an automated title','an automated desc',NULL,'2015-01-01','2015-01-02','2015-04-20',0,0,NULL,0,0,0,0,0,0,NULL,3,0),(278,'an automated title','an automated desc',NULL,'2015-01-01','2015-01-02','2015-05-08',0,0,NULL,0,0,0,0,0,0,NULL,3,0),(279,'an automated title','an automated desc',NULL,'2015-01-01','2015-01-02','2015-05-09',0,0,NULL,0,0,0,0,0,0,NULL,3,0),(280,'an automated title','an automated desc',NULL,'2015-01-01','2015-01-02','2015-05-03',0,0,NULL,0,0,0,0,0,0,NULL,3,0),(281,'an automated title','an automated desc',NULL,'2015-01-01','2015-01-02','2015-04-26',0,0,NULL,0,0,0,0,0,0,NULL,3,0),(282,'an automated title','an automated desc',NULL,'2015-01-01','2015-01-02','2015-04-27',0,0,NULL,0,0,0,0,0,0,NULL,3,0),(283,'an automated title','an automated desc',NULL,'2015-01-01','2015-01-02','2015-05-11',0,0,NULL,0,0,0,0,0,0,NULL,3,0),(284,'an automated title','an automated desc',NULL,'2015-01-01','2015-01-02','2015-05-17',0,0,NULL,0,0,0,0,0,0,NULL,3,0),(285,'an automated title','an automated desc',NULL,'2015-01-01','2015-01-02','2015-05-13',0,0,NULL,0,0,0,0,0,0,NULL,3,0),(286,'an automated title','an automated desc',NULL,'2015-01-01','2015-01-02','2015-04-27',0,0,NULL,0,0,0,0,0,0,NULL,3,0),(287,'an automated title','an automated desc',NULL,'2015-01-01','2015-01-02','2015-05-16',0,0,NULL,0,0,0,0,0,0,NULL,3,0),(288,'an automated title','an automated desc',NULL,'2015-01-01','2015-01-02','2015-05-15',0,0,NULL,0,0,0,0,0,0,NULL,3,0),(289,'an automated title','an automated desc',NULL,'2015-01-01','2015-01-02','2015-05-12',0,0,NULL,0,0,0,0,0,0,NULL,3,0),(290,'an automated title','an automated desc',NULL,'2015-01-01','2015-01-02','2015-04-27',0,0,NULL,0,0,0,0,0,0,NULL,3,0),(291,'an automated title','an automated desc',NULL,'2015-01-01','2015-01-02','2015-05-09',0,0,NULL,0,0,0,0,0,0,NULL,3,0),(292,'an automated title','an automated desc',NULL,'2015-01-01','2015-01-02','2015-05-13',0,0,NULL,0,0,0,0,0,0,NULL,3,0),(293,'an automated title','an automated desc',NULL,'2015-01-01','2015-01-02','2015-04-24',0,0,NULL,0,0,0,0,0,0,NULL,3,0),(294,'an automated title','an automated desc',NULL,'2015-01-01','2015-01-02','2015-04-30',0,0,NULL,0,0,0,0,0,0,NULL,3,0),(295,'an automated title','an automated desc',NULL,'2015-01-01','2015-01-02','2015-05-07',0,0,NULL,0,0,0,0,0,0,NULL,3,0),(296,'an automated title','an automated desc',NULL,'2015-01-01','2015-01-02','2015-04-28',0,0,NULL,0,0,0,0,0,0,NULL,3,0),(297,'an automated title','an automated desc',NULL,'2015-01-01','2015-01-02','2015-05-11',0,0,NULL,0,0,0,0,0,0,NULL,3,0),(298,'an automated title','an automated desc',NULL,'2015-01-01','2015-01-02','2015-05-13',0,0,NULL,0,0,0,0,0,0,NULL,3,0),(299,'an automated title','an automated desc',NULL,'2015-01-01','2015-01-02','2015-04-20',0,0,NULL,0,0,0,0,0,0,NULL,3,0),(300,'an automated title','an automated desc',NULL,'2015-01-01','2015-01-02','2015-05-14',0,0,NULL,0,0,0,0,0,0,NULL,3,0),(301,'an automated title','an automated desc',NULL,'2015-01-01','2015-01-02','2015-05-03',0,0,NULL,0,0,0,0,0,0,NULL,3,0),(302,'an automated title','an automated desc',NULL,'2015-01-01','2015-01-02','2015-05-10',0,0,NULL,0,0,0,0,0,0,NULL,3,0),(303,'an automated title','an automated desc',NULL,'2015-01-01','2015-01-02','2015-04-20',0,0,NULL,0,0,0,0,0,0,NULL,3,0),(304,'an automated title','an automated desc',NULL,'2015-01-01','2015-01-02','2015-05-08',0,0,NULL,0,0,0,0,0,0,NULL,3,0),(305,'an automated title','an automated desc',NULL,'2015-01-01','2015-01-02','2015-04-25',0,0,NULL,0,0,0,0,0,0,NULL,3,0),(306,'an automated title','an automated desc',NULL,'2015-01-01','2015-01-02','2015-05-15',0,0,NULL,0,0,0,0,0,0,NULL,3,0),(307,'an automated title','an automated desc',NULL,'2015-01-01','2015-01-02','2015-04-22',0,0,NULL,0,0,0,0,0,0,NULL,3,0),(308,'an automated title','an automated desc',NULL,'2015-01-01','2015-01-02','2015-04-30',0,0,NULL,0,0,0,0,0,0,NULL,3,0),(309,'an automated title','an automated desc',NULL,'2015-01-01','2015-01-02','2015-05-14',0,0,NULL,0,0,0,0,0,0,NULL,3,0),(310,'an automated title','an automated desc',NULL,'2015-01-01','2015-01-02','2015-05-09',0,0,NULL,0,0,0,0,0,0,NULL,3,0),(311,'an automated title','an automated desc',NULL,'2015-01-01','2015-01-02','2015-04-26',0,0,NULL,0,0,0,0,0,0,NULL,3,0),(312,'an automated title','an automated desc',NULL,'2015-01-01','2015-01-02','2015-04-18',0,0,NULL,0,0,0,0,0,0,NULL,3,0),(313,'an automated title','an automated desc',NULL,'2015-01-01','2015-01-02','2015-04-22',0,0,NULL,0,0,0,0,0,0,NULL,3,0),(314,'an automated title','an automated desc',NULL,'2015-01-01','2015-01-02','2015-05-03',0,0,NULL,0,0,0,0,0,0,NULL,3,0),(315,'an automated title','an automated desc',NULL,'2015-01-01','2015-01-02','2015-04-23',0,0,NULL,0,0,0,0,0,0,NULL,3,0),(316,'an automated title','an automated desc',NULL,'2015-01-01','2015-01-02','2015-04-24',0,0,NULL,0,0,0,0,0,0,NULL,3,0),(317,'an automated title','an automated desc',NULL,'2015-01-01','2015-01-02','2015-05-14',0,0,NULL,0,0,0,0,0,0,NULL,3,0),(318,'an automated title','an automated desc',NULL,'2015-01-01','2015-01-02','2015-04-24',0,0,NULL,0,0,0,0,0,0,NULL,3,0),(319,'an automated title','an automated desc',NULL,'2015-01-01','2015-01-02','2015-05-06',0,0,NULL,0,0,0,0,0,0,NULL,3,0),(320,'an automated title','an automated desc',NULL,'2015-01-01','2015-01-02','2015-05-01',0,0,NULL,0,0,0,0,0,0,NULL,3,0),(321,'an automated title','an automated desc',NULL,'2015-01-01','2015-01-02','2015-05-12',0,0,NULL,0,0,0,0,0,0,NULL,3,0),(322,'an automated title','an automated desc',NULL,'2015-01-01','2015-01-02','2015-04-28',0,0,NULL,0,0,0,0,0,0,NULL,3,0),(323,'an automated title','an automated desc',NULL,'2015-01-01','2015-01-02','2015-05-03',0,0,NULL,0,0,0,0,0,0,NULL,3,0),(324,'an automated title','an automated desc',NULL,'2015-01-01','2015-01-02','2015-05-05',0,0,NULL,0,0,0,0,0,0,NULL,3,0),(325,'an automated title','an automated desc',NULL,'2015-01-01','2015-01-02','2015-04-27',0,0,NULL,0,0,0,0,0,0,NULL,3,0),(326,'an automated title','an automated desc',NULL,'2015-01-01','2015-01-02','2015-04-19',0,0,NULL,0,0,0,0,0,0,NULL,3,0),(327,'an automated title','an automated desc',NULL,'2015-01-01','2015-01-02','2015-05-14',0,0,NULL,0,0,0,0,0,0,NULL,3,0),(328,'an automated title','an automated desc',NULL,'2015-01-01','2015-01-02','2015-05-11',0,0,NULL,0,0,0,0,0,0,NULL,3,0),(329,'an automated title','an automated desc',NULL,'2015-01-01','2015-01-02','2015-05-01',0,0,NULL,0,0,0,0,0,0,NULL,3,0),(330,'an automated title','an automated desc',NULL,'2015-01-01','2015-01-02','2015-05-09',0,0,NULL,0,0,0,0,0,0,NULL,3,0),(331,'an automated title','an automated desc',NULL,'2015-01-01','2015-01-02','2015-04-20',0,0,NULL,0,0,0,0,0,0,NULL,3,0),(332,'an automated title','an automated desc',NULL,'2015-01-01','2015-01-02','2015-04-27',0,0,NULL,0,0,0,0,0,0,NULL,3,0),(333,'an automated title','an automated desc',NULL,'2015-01-01','2015-01-02','2015-04-19',0,0,NULL,0,0,0,0,0,0,NULL,3,0),(334,'an automated title','an automated desc',NULL,'2015-01-01','2015-01-02','2015-04-20',0,0,NULL,0,0,0,0,0,0,NULL,3,0),(335,'an automated title','an automated desc',NULL,'2015-01-01','2015-01-02','2015-05-15',0,0,NULL,0,0,0,0,0,0,NULL,3,0),(336,'an automated title','an automated desc',NULL,'2015-01-01','2015-01-02','2015-05-16',0,0,NULL,0,0,0,0,0,0,NULL,3,0),(337,'an automated title','an automated desc',NULL,'2015-01-01','2015-01-02','2015-05-07',0,0,NULL,0,0,0,0,0,0,NULL,3,0),(338,'an automated title','an automated desc',NULL,'2015-01-01','2015-01-02','2015-05-07',0,0,NULL,0,0,0,0,0,0,NULL,3,0),(339,'an automated title','an automated desc',NULL,'2015-01-01','2015-01-02','2015-05-06',0,0,NULL,0,0,0,0,0,0,NULL,3,0),(340,'an automated title','an automated desc',NULL,'2015-01-01','2015-01-02','2015-05-06',0,0,NULL,0,0,0,0,0,0,NULL,3,0),(341,'an automated title','an automated desc',NULL,'2015-01-01','2015-01-02','2015-05-13',0,0,NULL,0,0,0,0,0,0,NULL,3,0),(342,'an automated title','an automated desc',NULL,'2015-01-01','2015-01-02','2015-04-26',0,0,NULL,0,0,0,0,0,0,NULL,3,0),(343,'an automated title','an automated desc',NULL,'2015-01-01','2015-01-02','2015-05-11',0,0,NULL,0,0,0,0,0,0,NULL,3,0),(344,'an automated title','an automated desc',NULL,'2015-01-01','2015-01-02','2015-04-19',0,0,NULL,0,0,0,0,0,0,NULL,3,0),(345,'an automated title','an automated desc',NULL,'2015-01-01','2015-01-02','2015-05-08',0,0,NULL,0,0,0,0,0,0,NULL,3,0),(346,'an automated title','an automated desc',NULL,'2015-01-01','2015-01-02','2015-04-24',0,0,NULL,0,0,0,0,0,0,NULL,3,0),(347,'an automated title','an automated desc',NULL,'2015-01-01','2015-01-02','2015-04-22',0,0,NULL,0,0,0,0,0,0,NULL,3,0),(348,'an automated title','an automated desc',NULL,'2015-01-01','2015-01-02','2015-04-20',0,0,NULL,0,0,0,0,0,0,NULL,3,0),(349,'an automated title','an automated desc',NULL,'2015-01-01','2015-01-02','2015-04-28',0,0,NULL,0,0,0,0,0,0,NULL,3,0),(350,'an automated title','an automated desc',NULL,'2015-01-01','2015-01-02','2015-05-01',0,0,NULL,0,0,0,0,0,0,NULL,3,0),(351,'an automated title','an automated desc',NULL,'2015-01-01','2015-01-02','2015-05-09',0,0,NULL,0,0,0,0,0,0,NULL,3,0),(352,'an automated title','an automated desc',NULL,'2015-01-01','2015-01-02','2015-04-30',0,0,NULL,0,0,0,0,0,0,NULL,3,0),(353,'an automated title','an automated desc',NULL,'2015-01-01','2015-01-02','2015-05-01',0,0,NULL,0,0,0,0,0,0,NULL,3,0),(354,'an automated title','an automated desc',NULL,'2015-01-01','2015-01-02','2015-05-09',0,0,NULL,0,0,0,0,0,0,NULL,3,0),(355,'an automated title','an automated desc',NULL,'2015-01-01','2015-01-02','2015-04-25',0,0,NULL,0,0,0,0,0,0,NULL,3,0),(356,'an automated title','an automated desc',NULL,'2015-01-01','2015-01-02','2015-04-26',0,0,NULL,0,0,0,0,0,0,NULL,3,0),(357,'an automated title','an automated desc',NULL,'2015-01-01','2015-01-02','2015-05-06',0,0,NULL,0,0,0,0,0,0,NULL,3,0),(358,'an automated title','an automated desc',NULL,'2015-01-01','2015-01-02','2015-05-01',0,0,NULL,0,0,0,0,0,0,NULL,3,0),(359,'an automated title','an automated desc',NULL,'2015-01-01','2015-01-02','2015-04-21',0,0,NULL,0,0,0,0,0,0,NULL,3,0),(360,'an automated title','an automated desc',NULL,'2015-01-01','2015-01-02','2015-04-30',0,0,NULL,0,0,0,0,0,0,NULL,3,0),(361,'an automated title','an automated desc',NULL,'2015-01-01','2015-01-02','2015-05-11',0,0,NULL,0,0,0,0,0,0,NULL,3,0),(362,'an automated title','an automated desc',NULL,'2015-01-01','2015-01-02','2015-05-17',0,0,NULL,0,0,0,0,0,0,NULL,3,0),(363,'an automated title','an automated desc',NULL,'2015-01-01','2015-01-02','2015-04-21',0,0,NULL,0,0,0,0,0,0,NULL,3,0),(364,'an automated title','an automated desc',NULL,'2015-01-01','2015-01-02','2015-04-21',0,0,NULL,0,0,0,0,0,0,NULL,3,0),(365,'an automated title','an automated desc',NULL,'2015-01-01','2015-01-02','2015-05-06',0,0,NULL,0,0,0,0,0,0,NULL,3,0),(366,'an automated title','an automated desc',NULL,'2015-01-01','2015-01-02','2015-04-28',0,0,NULL,0,0,0,0,0,0,NULL,3,0),(367,'an automated title','an automated desc',NULL,'2015-01-01','2015-01-02','2015-05-03',0,0,NULL,0,0,0,0,0,0,NULL,3,0),(368,'an automated title','an automated desc',NULL,'2015-01-01','2015-01-02','2015-04-28',0,0,NULL,0,0,0,0,0,0,NULL,3,0),(369,'an automated title','an automated desc',NULL,'2015-01-01','2015-01-02','2015-05-13',0,0,NULL,0,0,0,0,0,0,NULL,3,0),(370,'an automated title','an automated desc',NULL,'2015-01-01','2015-01-02','2015-04-21',0,0,NULL,0,0,0,0,0,0,NULL,3,0),(371,'an automated title','an automated desc',NULL,'2015-01-01','2015-01-02','2015-05-13',0,0,NULL,0,0,0,0,0,0,NULL,3,0),(372,'an automated title','an automated desc',NULL,'2015-01-01','2015-01-02','2015-04-19',0,0,NULL,0,0,0,0,0,0,NULL,3,0),(373,'an automated title','an automated desc',NULL,'2015-01-01','2015-01-02','2015-05-06',0,0,NULL,0,0,0,0,0,0,NULL,3,0),(374,'an automated title','an automated desc',NULL,'2015-01-01','2015-01-02','2015-04-18',0,0,NULL,0,0,0,0,0,0,NULL,3,0),(375,'an automated title','an automated desc',NULL,'2015-01-01','2015-01-02','2015-05-03',0,0,NULL,0,0,0,0,0,0,NULL,3,0),(376,'an automated title','an automated desc',NULL,'2015-01-01','2015-01-02','2015-05-10',0,0,NULL,0,0,0,0,0,0,NULL,3,0),(377,'an automated title','an automated desc',NULL,'2015-01-01','2015-01-02','2015-04-28',0,0,NULL,0,0,0,0,0,0,NULL,3,0),(378,'an automated title','an automated desc',NULL,'2015-01-01','2015-01-02','2015-05-14',0,0,NULL,0,0,0,0,0,0,NULL,3,0),(379,'an automated title','an automated desc',NULL,'2015-01-01','2015-01-02','2015-04-24',0,0,NULL,0,0,0,0,0,0,NULL,3,0),(380,'an automated title','an automated desc',NULL,'2015-01-01','2015-01-02','2015-04-30',0,0,NULL,0,0,0,0,0,0,NULL,3,0),(381,'an automated title','an automated desc',NULL,'2015-01-01','2015-01-02','2015-04-22',0,0,NULL,0,0,0,0,0,0,NULL,3,0),(382,'an automated title','an automated desc',NULL,'2015-01-01','2015-01-02','2015-04-23',0,0,NULL,0,0,0,0,0,0,NULL,3,0),(383,'an automated title','an automated desc',NULL,'2015-01-01','2015-01-02','2015-04-18',0,0,NULL,0,0,0,0,0,0,NULL,3,0),(384,'an automated title','an automated desc',NULL,'2015-01-01','2015-01-02','2015-04-24',0,0,NULL,0,0,0,0,0,0,NULL,3,0),(385,'an automated title','an automated desc',NULL,'2015-01-01','2015-01-02','2015-04-26',0,0,NULL,0,0,0,0,0,0,NULL,3,0),(386,'an automated title','an automated desc',NULL,'2015-01-01','2015-01-02','2015-05-14',0,0,NULL,0,0,0,0,0,0,NULL,3,0),(387,'an automated title','an automated desc',NULL,'2015-01-01','2015-01-02','2015-05-14',0,0,NULL,0,0,0,0,0,0,NULL,3,0),(388,'an automated title','an automated desc',NULL,'2015-01-01','2015-01-02','2015-05-08',0,0,NULL,0,0,0,0,0,0,NULL,3,0),(389,'an automated title','an automated desc',NULL,'2015-01-01','2015-01-02','2015-04-20',0,0,NULL,0,0,0,0,0,0,NULL,3,0),(390,'an automated title','an automated desc',NULL,'2015-01-01','2015-01-02','2015-04-26',0,0,NULL,0,0,0,0,0,0,NULL,3,0),(391,'an automated title','an automated desc',NULL,'2015-01-01','2015-01-02','2015-05-09',0,0,NULL,0,0,0,0,0,0,NULL,3,0),(392,'an automated title','an automated desc',NULL,'2015-01-01','2015-01-02','2015-04-21',0,0,NULL,0,0,0,0,0,0,NULL,3,0),(393,'an automated title','an automated desc',NULL,'2015-01-01','2015-01-02','2015-05-08',0,0,NULL,0,0,0,0,0,0,NULL,3,0),(394,'an automated title','an automated desc',NULL,'2015-01-01','2015-01-02','2015-05-10',0,0,NULL,0,0,0,0,0,0,NULL,3,0),(395,'an automated title','an automated desc',NULL,'2015-01-01','2015-01-02','2015-04-29',0,0,NULL,0,0,0,0,0,0,NULL,3,0),(396,'an automated title','an automated desc',NULL,'2015-01-01','2015-01-02','2015-05-02',0,0,NULL,0,0,0,0,0,0,NULL,3,0),(397,'an automated title','an automated desc',NULL,'2015-01-01','2015-01-02','2015-05-11',0,0,NULL,0,0,0,0,0,0,NULL,3,0),(398,'an automated title','an automated desc',NULL,'2015-01-01','2015-01-02','2015-05-08',0,0,NULL,0,0,0,0,0,0,NULL,3,0),(399,'an automated title','an automated desc',NULL,'2015-01-01','2015-01-02','2015-05-17',0,0,NULL,0,0,0,0,0,0,NULL,3,0),(400,'an automated title','an automated desc',NULL,'2015-01-01','2015-01-02','2015-05-15',0,0,NULL,0,0,0,0,0,0,NULL,3,0),(401,'an automated title','an automated desc',NULL,'2015-01-01','2015-01-02','2015-05-11',0,0,NULL,0,0,0,0,0,0,NULL,3,0),(402,'an automated title','an automated desc',NULL,'2015-01-01','2015-01-02','2015-04-23',0,0,NULL,0,0,0,0,0,0,NULL,3,0),(403,'an automated title','an automated desc',NULL,'2015-01-01','2015-01-02','2015-05-05',0,0,NULL,0,0,0,0,0,0,NULL,3,0),(404,'an automated title','an automated desc',NULL,'2015-01-01','2015-01-02','2015-05-02',0,0,NULL,0,0,0,0,0,0,NULL,3,0),(405,'an automated title','an automated desc',NULL,'2015-01-01','2015-01-02','2015-04-26',0,0,NULL,0,0,0,0,0,0,NULL,3,0),(406,'an automated title','an automated desc',NULL,'2015-01-01','2015-01-02','2015-04-25',0,0,NULL,0,0,0,0,0,0,NULL,3,0),(407,'an automated title','an automated desc',NULL,'2015-01-01','2015-01-02','2015-04-19',0,0,NULL,0,0,0,0,0,0,NULL,3,0),(408,'an automated title','an automated desc',NULL,'2015-01-01','2015-01-02','2015-05-06',0,0,NULL,0,0,0,0,0,0,NULL,3,0),(409,'an automated title','an automated desc',NULL,'2015-01-01','2015-01-02','2015-04-27',0,0,NULL,0,0,0,0,0,0,NULL,3,0),(410,'an automated title','an automated desc',NULL,'2015-01-01','2015-01-02','2015-04-25',0,0,NULL,0,0,0,0,0,0,NULL,3,0),(411,'an automated title','an automated desc',NULL,'2015-01-01','2015-01-02','2015-04-20',0,0,NULL,0,0,0,0,0,0,NULL,3,0),(412,'an automated title','an automated desc',NULL,'2015-01-01','2015-01-02','2015-05-11',0,0,NULL,0,0,0,0,0,0,NULL,3,0),(413,'an automated title','an automated desc',NULL,'2015-01-01','2015-01-02','2015-05-06',0,0,NULL,0,0,0,0,0,0,NULL,3,0),(414,'an automated title','an automated desc',NULL,'2015-01-01','2015-01-02','2015-05-12',0,0,NULL,0,0,0,0,0,0,NULL,3,0),(415,'an automated title','an automated desc',NULL,'2015-01-01','2015-01-02','2015-05-04',0,0,NULL,0,0,0,0,0,0,NULL,3,0),(416,'an automated title','an automated desc',NULL,'2015-01-01','2015-01-02','2015-05-08',0,0,NULL,0,0,0,0,0,0,NULL,3,0),(417,'an automated title','an automated desc',NULL,'2015-01-01','2015-01-02','2015-04-26',0,0,NULL,0,0,0,0,0,0,NULL,3,0),(418,'an automated title','an automated desc',NULL,'2015-01-01','2015-01-02','2015-04-21',0,0,NULL,0,0,0,0,0,0,NULL,3,0),(419,'an automated title','an automated desc',NULL,'2015-01-01','2015-01-02','2015-04-26',0,0,NULL,0,0,0,0,0,0,NULL,3,0),(420,'an automated title','an automated desc',NULL,'2015-01-01','2015-01-02','2015-05-14',0,0,NULL,0,0,0,0,0,0,NULL,3,0),(421,'an automated title','an automated desc',NULL,'2015-01-01','2015-01-02','2015-04-24',0,0,NULL,0,0,0,0,0,0,NULL,3,0),(422,'an automated title','an automated desc',NULL,'2015-01-01','2015-01-02','2015-05-04',0,0,NULL,0,0,0,0,0,0,NULL,3,0),(423,'an automated title','an automated desc',NULL,'2015-01-01','2015-01-02','2015-04-29',0,0,NULL,0,0,0,0,0,0,NULL,3,0),(424,'an automated title','an automated desc',NULL,'2015-01-01','2015-01-02','2015-05-04',0,0,NULL,0,0,0,0,0,0,NULL,3,0),(425,'an automated title','an automated desc',NULL,'2015-01-01','2015-01-02','2015-05-05',0,0,NULL,0,0,0,0,0,0,NULL,3,0),(426,'an automated title','an automated desc',NULL,'2015-01-01','2015-01-02','2015-04-18',0,0,NULL,0,0,0,0,0,0,NULL,3,0),(427,'an automated title','an automated desc',NULL,'2015-01-01','2015-01-02','2015-05-11',0,0,NULL,0,0,0,0,0,0,NULL,3,0),(428,'an automated title','an automated desc',NULL,'2015-01-01','2015-01-02','2015-04-26',0,0,NULL,0,0,0,0,0,0,NULL,3,0),(429,'an automated title','an automated desc',NULL,'2015-01-01','2015-01-02','2015-05-11',0,0,NULL,0,0,0,0,0,0,NULL,3,0),(430,'an automated title','an automated desc',NULL,'2015-01-01','2015-01-02','2015-05-13',0,0,NULL,0,0,0,0,0,0,NULL,3,0),(431,'an automated title','an automated desc',NULL,'2015-01-01','2015-01-02','2015-04-25',0,0,NULL,0,0,0,0,0,0,NULL,3,0),(432,'an automated title','an automated desc',NULL,'2015-01-01','2015-01-02','2015-05-02',0,0,NULL,0,0,0,0,0,0,NULL,3,0),(433,'an automated title','an automated desc',NULL,'2015-01-01','2015-01-02','2015-05-03',0,0,NULL,0,0,0,0,0,0,NULL,3,0),(434,'an automated title','an automated desc',NULL,'2015-01-01','2015-01-02','2015-05-06',0,0,NULL,0,0,0,0,0,0,NULL,3,0),(435,'an automated title','an automated desc',NULL,'2015-01-01','2015-01-02','2015-04-30',0,0,NULL,0,0,0,0,0,0,NULL,3,0),(436,'an automated title','an automated desc',NULL,'2015-01-01','2015-01-02','2015-05-05',0,0,NULL,0,0,0,0,0,0,NULL,3,0),(437,'an automated title','an automated desc',NULL,'2015-01-01','2015-01-02','2015-05-17',0,0,NULL,0,0,0,0,0,0,NULL,3,0),(438,'an automated title','an automated desc',NULL,'2015-01-01','2015-01-02','2015-05-04',0,0,NULL,0,0,0,0,0,0,NULL,3,0),(439,'an automated title','an automated desc',NULL,'2015-01-01','2015-01-02','2015-05-12',0,0,NULL,0,0,0,0,0,0,NULL,3,0),(440,'an automated title','an automated desc',NULL,'2015-01-01','2015-01-02','2015-05-12',0,0,NULL,0,0,0,0,0,0,NULL,3,0),(441,'an automated title','an automated desc',NULL,'2015-01-01','2015-01-02','2015-04-26',0,0,NULL,0,0,0,0,0,0,NULL,3,0),(442,'an automated title','an automated desc',NULL,'2015-01-01','2015-01-02','2015-04-18',0,0,NULL,0,0,0,0,0,0,NULL,3,0),(443,'an automated title','an automated desc',NULL,'2015-01-01','2015-01-02','2015-04-22',0,0,NULL,0,0,0,0,0,0,NULL,3,0),(444,'an automated title','an automated desc',NULL,'2015-01-01','2015-01-02','2015-04-19',0,0,NULL,0,0,0,0,0,0,NULL,3,0),(445,'an automated title','an automated desc',NULL,'2015-01-01','2015-01-02','2015-05-01',0,0,NULL,0,0,0,0,0,0,NULL,3,0),(446,'an automated title','an automated desc',NULL,'2015-01-01','2015-01-02','2015-04-30',0,0,NULL,0,0,0,0,0,0,NULL,3,0),(447,'an automated title','an automated desc',NULL,'2015-01-01','2015-01-02','2015-05-17',0,0,NULL,0,0,0,0,0,0,NULL,3,0),(448,'an automated title','an automated desc',NULL,'2015-01-01','2015-01-02','2015-05-17',0,0,NULL,0,0,0,0,0,0,NULL,3,0),(449,'an automated title','an automated desc',NULL,'2015-01-01','2015-01-02','2015-04-24',0,0,NULL,0,0,0,0,0,0,NULL,3,0),(450,'an automated title','an automated desc',NULL,'2015-01-01','2015-01-02','2015-05-01',0,0,NULL,0,0,0,0,0,0,NULL,3,0),(451,'an automated title','an automated desc',NULL,'2015-01-01','2015-01-02','2015-04-30',0,0,NULL,0,0,0,0,0,0,NULL,3,0),(452,'an automated title','an automated desc',NULL,'2015-01-01','2015-01-02','2015-04-28',0,0,NULL,0,0,0,0,0,0,NULL,3,0),(453,'an automated title','an automated desc',NULL,'2015-01-01','2015-01-02','2015-04-21',0,0,NULL,0,0,0,0,0,0,NULL,3,0),(454,'an automated title','an automated desc',NULL,'2015-01-01','2015-01-02','2015-05-10',0,0,NULL,0,0,0,0,0,0,NULL,3,0),(455,'an automated title','an automated desc',NULL,'2015-01-01','2015-01-02','2015-04-23',0,0,NULL,0,0,0,0,0,0,NULL,3,0),(456,'an automated title','an automated desc',NULL,'2015-01-01','2015-01-02','2015-04-28',0,0,NULL,0,0,0,0,0,0,NULL,3,0),(457,'an automated title','an automated desc',NULL,'2015-01-01','2015-01-02','2015-05-16',0,0,NULL,0,0,0,0,0,0,NULL,3,0),(458,'an automated title','an automated desc',NULL,'2015-01-01','2015-01-02','2015-05-06',0,0,NULL,0,0,0,0,0,0,NULL,3,0),(459,'an automated title','an automated desc',NULL,'2015-01-01','2015-01-02','2015-05-01',0,0,NULL,0,0,0,0,0,0,NULL,3,0),(460,'an automated title','an automated desc',NULL,'2015-01-01','2015-01-02','2015-05-01',0,0,NULL,0,0,0,0,0,0,NULL,3,0),(461,'an automated title','an automated desc',NULL,'2015-01-01','2015-01-02','2015-04-26',0,0,NULL,0,0,0,0,0,0,NULL,3,0),(462,'an automated title','an automated desc',NULL,'2015-01-01','2015-01-02','2015-05-15',0,0,NULL,0,0,0,0,0,0,NULL,3,0),(463,'an automated title','an automated desc',NULL,'2015-01-01','2015-01-02','2015-05-03',0,0,NULL,0,0,0,0,0,0,NULL,3,0),(464,'an automated title','an automated desc',NULL,'2015-01-01','2015-01-02','2015-04-27',0,0,NULL,0,0,0,0,0,0,NULL,3,0),(465,'an automated title','an automated desc',NULL,'2015-01-01','2015-01-02','2015-04-23',0,0,NULL,0,0,0,0,0,0,NULL,3,0),(466,'an automated title','an automated desc',NULL,'2015-01-01','2015-01-02','2015-04-23',0,0,NULL,0,0,0,0,0,0,NULL,3,0),(467,'an automated title','an automated desc',NULL,'2015-01-01','2015-01-02','2015-04-24',0,0,NULL,0,0,0,0,0,0,NULL,3,0),(468,'an automated title','an automated desc',NULL,'2015-01-01','2015-01-02','2015-04-25',0,0,NULL,0,0,0,0,0,0,NULL,3,0),(469,'an automated title','an automated desc',NULL,'2015-01-01','2015-01-02','2015-05-14',0,0,NULL,0,0,0,0,0,0,NULL,3,0),(470,'an automated title','an automated desc',NULL,'2015-01-01','2015-01-02','2015-04-22',0,0,NULL,0,0,0,0,0,0,NULL,3,0),(471,'an automated title','an automated desc',NULL,'2015-01-01','2015-01-02','2015-04-21',0,0,NULL,0,0,0,0,0,0,NULL,3,0),(472,'an automated title','an automated desc',NULL,'2015-01-01','2015-01-02','2015-05-05',0,0,NULL,0,0,0,0,0,0,NULL,3,0),(473,'an automated title','an automated desc',NULL,'2015-01-01','2015-01-02','2015-04-24',0,0,NULL,0,0,0,0,0,0,NULL,3,0),(474,'an automated title','an automated desc',NULL,'2015-01-01','2015-01-02','2015-04-21',0,0,NULL,0,0,0,0,0,0,NULL,3,0),(475,'an automated title','an automated desc',NULL,'2015-01-01','2015-01-02','2015-04-21',0,0,NULL,0,0,0,0,0,0,NULL,3,0),(476,'an automated title','an automated desc',NULL,'2015-01-01','2015-01-02','2015-05-01',0,0,NULL,0,0,0,0,0,0,NULL,3,0),(477,'an automated title','an automated desc',NULL,'2015-01-01','2015-01-02','2015-04-20',0,0,NULL,0,0,0,0,0,0,NULL,3,0),(478,'an automated title','an automated desc',NULL,'2015-01-01','2015-01-02','2015-05-06',0,0,NULL,0,0,0,0,0,0,NULL,3,0),(479,'an automated title','an automated desc',NULL,'2015-01-01','2015-01-02','2015-04-22',0,0,NULL,0,0,0,0,0,0,NULL,3,0),(480,'an automated title','an automated desc',NULL,'2015-01-01','2015-01-02','2015-04-22',0,0,NULL,0,0,0,0,0,0,NULL,3,0),(481,'an automated title','an automated desc',NULL,'2015-01-01','2015-01-02','2015-04-17',0,0,NULL,0,0,0,0,0,0,NULL,3,0),(482,'an automated title','an automated desc',NULL,'2015-01-01','2015-01-02','2015-04-30',0,0,NULL,0,0,0,0,0,0,NULL,3,0),(483,'an automated title','an automated desc',NULL,'2015-01-01','2015-01-02','2015-05-08',0,0,NULL,0,0,0,0,0,0,NULL,3,0),(484,'an automated title','an automated desc',NULL,'2015-01-01','2015-01-02','2015-05-08',0,0,NULL,0,0,0,0,0,0,NULL,3,0),(485,'an automated title','an automated desc',NULL,'2015-01-01','2015-01-02','2015-05-04',0,0,NULL,0,0,0,0,0,0,NULL,3,0),(486,'an automated title','an automated desc',NULL,'2015-01-01','2015-01-02','2015-05-07',0,0,NULL,0,0,0,0,0,0,NULL,3,0),(487,'an automated title','an automated desc',NULL,'2015-01-01','2015-01-02','2015-04-23',0,0,NULL,0,0,0,0,0,0,NULL,3,0),(488,'an automated title','an automated desc',NULL,'2015-01-01','2015-01-02','2015-05-17',0,0,NULL,0,0,0,0,0,0,NULL,3,0),(489,'an automated title','an automated desc',NULL,'2015-01-01','2015-01-02','2015-05-06',0,0,NULL,0,0,0,0,0,0,NULL,3,0),(490,'an automated title','an automated desc',NULL,'2015-01-01','2015-01-02','2015-05-12',0,0,NULL,0,0,0,0,0,0,NULL,3,0),(491,'an automated title','an automated desc',NULL,'2015-01-01','2015-01-02','2015-05-11',0,0,NULL,0,0,0,0,0,0,NULL,3,0),(492,'an automated title','an automated desc',NULL,'2015-01-01','2015-01-02','2015-04-17',0,0,NULL,0,0,0,0,0,0,NULL,3,0),(493,'an automated title','an automated desc',NULL,'2015-01-01','2015-01-02','2015-04-17',0,0,NULL,0,0,0,0,0,0,NULL,3,0),(494,'an automated title','an automated desc',NULL,'2015-01-01','2015-01-02','2015-04-23',0,0,NULL,0,0,0,0,0,0,NULL,3,0),(495,'an automated title','an automated desc',NULL,'2015-01-01','2015-01-02','2015-04-29',0,0,NULL,0,0,0,0,0,0,NULL,3,0),(496,'an automated title','an automated desc',NULL,'2015-01-01','2015-01-02','2015-05-03',0,0,NULL,0,0,0,0,0,0,NULL,3,0),(497,'an automated title','an automated desc',NULL,'2015-01-01','2015-01-02','2015-04-26',0,0,NULL,0,0,0,0,0,0,NULL,3,0),(498,'an automated title','an automated desc',NULL,'2015-01-01','2015-01-02','2015-04-27',0,0,NULL,0,0,0,0,0,0,NULL,3,0),(499,'an automated title','an automated desc',NULL,'2015-01-01','2015-01-02','2015-05-04',0,0,NULL,0,0,0,0,0,0,NULL,3,0),(500,'an automated title','an automated desc',NULL,'2015-01-01','2015-01-02','2015-04-18',0,0,NULL,0,0,0,0,0,0,NULL,3,0),(501,'an automated title','an automated desc',NULL,'2015-01-01','2015-01-02','2015-05-03',0,0,NULL,0,0,0,0,0,0,NULL,3,0),(502,'an automated title','an automated desc',NULL,'2015-01-01','2015-01-02','2015-04-26',0,0,NULL,0,0,0,0,0,0,NULL,3,0),(503,'an automated title','an automated desc',NULL,'2015-01-01','2015-01-02','2015-04-19',0,0,NULL,0,0,0,0,0,0,NULL,3,0),(504,'an automated title','an automated desc',NULL,'2015-01-01','2015-01-02','2015-05-16',0,0,NULL,0,0,0,0,0,0,NULL,3,0),(505,'an automated title','an automated desc',NULL,'2015-01-01','2015-01-02','2015-05-17',0,0,NULL,0,0,0,0,0,0,NULL,3,0),(506,'an automated title','an automated desc',NULL,'2015-01-01','2015-01-02','2015-05-03',0,0,NULL,0,0,0,0,0,0,NULL,3,0),(507,'an automated title','an automated desc',NULL,'2015-01-01','2015-01-02','2015-04-22',0,0,NULL,0,0,0,0,0,0,NULL,3,0),(508,'an automated title','an automated desc',NULL,'2015-01-01','2015-01-02','2015-04-23',0,0,NULL,0,0,0,0,0,0,NULL,3,0),(509,'an automated title','an automated desc',NULL,'2015-01-01','2015-01-02','2015-05-01',0,0,NULL,0,0,0,0,0,0,NULL,3,0),(510,'an automated title','an automated desc',NULL,'2015-01-01','2015-01-02','2015-04-24',0,0,NULL,0,0,0,0,0,0,NULL,3,0),(511,'an automated title','an automated desc',NULL,'2015-01-01','2015-01-02','2015-05-01',0,0,NULL,0,0,0,0,0,0,NULL,3,0),(512,'an automated title','an automated desc',NULL,'2015-01-01','2015-01-02','2015-05-04',0,0,NULL,0,0,0,0,0,0,NULL,3,0),(513,'an automated title','an automated desc',NULL,'2015-01-01','2015-01-02','2015-05-09',0,0,NULL,0,0,0,0,0,0,NULL,3,0),(514,'an automated title','an automated desc',NULL,'2015-01-01','2015-01-02','2015-04-29',0,0,NULL,0,0,0,0,0,0,NULL,3,0),(515,'an automated title','an automated desc',NULL,'2015-01-01','2015-01-02','2015-05-16',0,0,NULL,0,0,0,0,0,0,NULL,3,0),(516,'an automated title','an automated desc',NULL,'2015-01-01','2015-01-02','2015-04-24',0,0,NULL,0,0,0,0,0,0,NULL,3,0),(517,'an automated title','an automated desc',NULL,'2015-01-01','2015-01-02','2015-04-29',0,0,NULL,0,0,0,0,0,0,NULL,3,0),(518,'an automated title','an automated desc',NULL,'2015-01-01','2015-01-02','2015-04-25',0,0,NULL,0,0,0,0,0,0,NULL,3,0),(519,'an automated title','an automated desc',NULL,'2015-01-01','2015-01-02','2015-04-26',0,0,NULL,0,0,0,0,0,0,NULL,3,0),(520,'an automated title','an automated desc',NULL,'2015-01-01','2015-01-02','2015-05-11',0,0,NULL,0,0,0,0,0,0,NULL,3,0),(521,'an automated title','an automated desc',NULL,'2015-01-01','2015-01-02','2015-04-20',0,0,NULL,0,0,0,0,0,0,NULL,3,0),(522,'an automated title','an automated desc',NULL,'2015-01-01','2015-01-02','2015-05-05',0,0,NULL,0,0,0,0,0,0,NULL,3,0),(523,'an automated title','an automated desc',NULL,'2015-01-01','2015-01-02','2015-04-18',0,0,NULL,0,0,0,0,0,0,NULL,3,0),(524,'an automated title','an automated desc',NULL,'2015-01-01','2015-01-02','2015-05-03',0,0,NULL,0,0,0,0,0,0,NULL,3,0),(525,'an automated title','an automated desc',NULL,'2015-01-01','2015-01-02','2015-05-11',0,0,NULL,0,0,0,0,0,0,NULL,3,0),(526,'an automated title','an automated desc',NULL,'2015-01-01','2015-01-02','2015-05-06',0,0,NULL,0,0,0,0,0,0,NULL,3,0),(527,'an automated title','an automated desc',NULL,'2015-01-01','2015-01-02','2015-05-11',0,0,NULL,0,0,0,0,0,0,NULL,3,0),(528,'an automated title','an automated desc',NULL,'2015-01-01','2015-01-02','2015-05-13',0,0,NULL,0,0,0,0,0,0,NULL,3,0),(529,'an automated title','an automated desc',NULL,'2015-01-01','2015-01-02','2015-05-01',0,0,NULL,0,0,0,0,0,0,NULL,3,0),(530,'an automated title','an automated desc',NULL,'2015-01-01','2015-01-02','2015-05-07',0,0,NULL,0,0,0,0,0,0,NULL,3,0),(531,'an automated title','an automated desc',NULL,'2015-01-01','2015-01-02','2015-05-05',0,0,NULL,0,0,0,0,0,0,NULL,3,0),(532,'an automated title','an automated desc',NULL,'2015-01-01','2015-01-02','2015-04-24',0,0,NULL,0,0,0,0,0,0,NULL,3,0),(533,'an automated title','an automated desc',NULL,'2015-01-01','2015-01-02','2015-04-28',0,0,NULL,0,0,0,0,0,0,NULL,3,0),(534,'an automated title','an automated desc',NULL,'2015-01-01','2015-01-02','2015-05-12',0,0,NULL,0,0,0,0,0,0,NULL,3,0),(535,'an automated title','an automated desc',NULL,'2015-01-01','2015-01-02','2015-04-20',0,0,NULL,0,0,0,0,0,0,NULL,3,0),(536,'an automated title','an automated desc',NULL,'2015-01-01','2015-01-02','2015-04-30',0,0,NULL,0,0,0,0,0,0,NULL,3,0),(537,'an automated title','an automated desc',NULL,'2015-01-01','2015-01-02','2015-05-11',0,0,NULL,0,0,0,0,0,0,NULL,3,0),(538,'an automated title','an automated desc',NULL,'2015-01-01','2015-01-02','2015-04-18',0,0,NULL,0,0,0,0,0,0,NULL,3,0),(539,'an automated title','an automated desc',NULL,'2015-01-01','2015-01-02','2015-04-25',0,0,NULL,0,0,0,0,0,0,NULL,3,0),(540,'an automated title','an automated desc',NULL,'2015-01-01','2015-01-02','2015-05-13',0,0,NULL,0,0,0,0,0,0,NULL,3,0),(541,'an automated title','an automated desc',NULL,'2015-01-01','2015-01-02','2015-04-25',0,0,NULL,0,0,0,0,0,0,NULL,3,0),(542,'an automated title','an automated desc',NULL,'2015-01-01','2015-01-02','2015-05-12',0,0,NULL,0,0,0,0,0,0,NULL,3,0),(543,'an automated title','an automated desc',NULL,'2015-01-01','2015-01-02','2015-05-13',0,0,NULL,0,0,0,0,0,0,NULL,3,0),(544,'an automated title','an automated desc',NULL,'2015-01-01','2015-01-02','2015-05-09',0,0,NULL,0,0,0,0,0,0,NULL,3,0),(545,'an automated title','an automated desc',NULL,'2015-01-01','2015-01-02','2015-04-17',0,0,NULL,0,0,0,0,0,0,NULL,3,0),(546,'an automated title','an automated desc',NULL,'2015-01-01','2015-01-02','2015-04-27',0,0,NULL,0,0,0,0,0,0,NULL,3,0),(547,'an automated title','an automated desc',NULL,'2015-01-01','2015-01-02','2015-05-03',0,0,NULL,0,0,0,0,0,0,NULL,3,0),(548,'an automated title','an automated desc',NULL,'2015-01-01','2015-01-02','2015-05-02',0,0,NULL,0,0,0,0,0,0,NULL,3,0),(549,'an automated title','an automated desc',NULL,'2015-01-01','2015-01-02','2015-05-04',0,0,NULL,0,0,0,0,0,0,NULL,3,0),(550,'an automated title','an automated desc',NULL,'2015-01-01','2015-01-02','2015-05-08',0,0,NULL,0,0,0,0,0,0,NULL,3,0),(551,'an automated title','an automated desc',NULL,'2015-01-01','2015-01-02','2015-05-05',0,0,NULL,0,0,0,0,0,0,NULL,3,0),(552,'an automated title','an automated desc',NULL,'2015-01-01','2015-01-02','2015-05-14',0,0,NULL,0,0,0,0,0,0,NULL,3,0),(553,'an automated title','an automated desc',NULL,'2015-01-01','2015-01-02','2015-04-21',0,0,NULL,0,0,0,0,0,0,NULL,3,0),(554,'an automated title','an automated desc',NULL,'2015-01-01','2015-01-02','2015-05-12',0,0,NULL,0,0,0,0,0,0,NULL,3,0),(555,'an automated title','an automated desc',NULL,'2015-01-01','2015-01-02','2015-05-10',0,0,NULL,0,0,0,0,0,0,NULL,3,0),(556,'an automated title','an automated desc',NULL,'2015-01-01','2015-01-02','2015-05-14',0,0,NULL,0,0,0,0,0,0,NULL,3,0),(557,'an automated title','an automated desc',NULL,'2015-01-01','2015-01-02','2015-04-25',0,0,NULL,0,0,0,0,0,0,NULL,3,0),(558,'an automated title','an automated desc',NULL,'2015-01-01','2015-01-02','2015-05-03',0,0,NULL,0,0,0,0,0,0,NULL,3,0),(559,'an automated title','an automated desc',NULL,'2015-01-01','2015-01-02','2015-05-07',0,0,NULL,0,0,0,0,0,0,NULL,3,0),(560,'an automated title','an automated desc',NULL,'2015-01-01','2015-01-02','2015-04-27',0,0,NULL,0,0,0,0,0,0,NULL,3,0),(561,'an automated title','an automated desc',NULL,'2015-01-01','2015-01-02','2015-04-24',0,0,NULL,0,0,0,0,0,0,NULL,3,0),(562,'an automated title','an automated desc',NULL,'2015-01-01','2015-01-02','2015-05-06',0,0,NULL,0,0,0,0,0,0,NULL,3,0),(563,'an automated title','an automated desc',NULL,'2015-01-01','2015-01-02','2015-05-14',0,0,NULL,0,0,0,0,0,0,NULL,3,0),(564,'an automated title','an automated desc',NULL,'2015-01-01','2015-01-02','2015-04-23',0,0,NULL,0,0,0,0,0,0,NULL,3,0),(565,'an automated title','an automated desc',NULL,'2015-01-01','2015-01-02','2015-04-23',0,0,NULL,0,0,0,0,0,0,NULL,3,0),(566,'an automated title','an automated desc',NULL,'2015-01-01','2015-01-02','2015-04-22',0,0,NULL,0,0,0,0,0,0,NULL,3,0),(567,'an automated title','an automated desc',NULL,'2015-01-01','2015-01-02','2015-05-14',0,0,NULL,0,0,0,0,0,0,NULL,3,0),(568,'an automated title','an automated desc',NULL,'2015-01-01','2015-01-02','2015-05-03',0,0,NULL,0,0,0,0,0,0,NULL,3,0),(569,'an automated title','an automated desc',NULL,'2015-01-01','2015-01-02','2015-04-17',0,0,NULL,0,0,0,0,0,0,NULL,3,0),(570,'an automated title','an automated desc',NULL,'2015-01-01','2015-01-02','2015-04-21',0,0,NULL,0,0,0,0,0,0,NULL,3,0),(571,'an automated title','an automated desc',NULL,'2015-01-01','2015-01-02','2015-05-02',0,0,NULL,0,0,0,0,0,0,NULL,3,0),(572,'an automated title','an automated desc',NULL,'2015-01-01','2015-01-02','2015-04-23',0,0,NULL,0,0,0,0,0,0,NULL,3,0),(573,'an automated title','an automated desc',NULL,'2015-01-01','2015-01-02','2015-04-20',0,0,NULL,0,0,0,0,0,0,NULL,3,0),(574,'an automated title','an automated desc',NULL,'2015-01-01','2015-01-02','2015-04-25',0,0,NULL,0,0,0,0,0,0,NULL,3,0),(575,'an automated title','an automated desc',NULL,'2015-01-01','2015-01-02','2015-04-21',0,0,NULL,0,0,0,0,0,0,NULL,3,0),(576,'an automated title','an automated desc',NULL,'2015-01-01','2015-01-02','2015-05-01',0,0,NULL,0,0,0,0,0,0,NULL,3,0),(577,'an automated title','an automated desc',NULL,'2015-01-01','2015-01-02','2015-05-02',0,0,NULL,0,0,0,0,0,0,NULL,3,0),(578,'an automated title','an automated desc',NULL,'2015-01-01','2015-01-02','2015-04-29',0,0,NULL,0,0,0,0,0,0,NULL,3,0),(579,'an automated title','an automated desc',NULL,'2015-01-01','2015-01-02','2015-05-05',0,0,NULL,0,0,0,0,0,0,NULL,3,0),(580,'an automated title','an automated desc',NULL,'2015-01-01','2015-01-02','2015-05-08',0,0,NULL,0,0,0,0,0,0,NULL,3,0),(581,'an automated title','an automated desc',NULL,'2015-01-01','2015-01-02','2015-04-29',0,0,NULL,0,0,0,0,0,0,NULL,3,0),(582,'an automated title','an automated desc',NULL,'2015-01-01','2015-01-02','2015-05-07',0,0,NULL,0,0,0,0,0,0,NULL,3,0),(583,'an automated title','an automated desc',NULL,'2015-01-01','2015-01-02','2015-04-29',0,0,NULL,0,0,0,0,0,0,NULL,3,0),(584,'an automated title','an automated desc',NULL,'2015-01-01','2015-01-02','2015-04-26',0,0,NULL,0,0,0,0,0,0,NULL,3,0),(585,'an automated title','an automated desc',NULL,'2015-01-01','2015-01-02','2015-04-25',0,0,NULL,0,0,0,0,0,0,NULL,3,0),(586,'an automated title','an automated desc',NULL,'2015-01-01','2015-01-02','2015-05-13',0,0,NULL,0,0,0,0,0,0,NULL,3,0),(587,'an automated title','an automated desc',NULL,'2015-01-01','2015-01-02','2015-04-30',0,0,NULL,0,0,0,0,0,0,NULL,3,0),(588,'an automated title','an automated desc',NULL,'2015-01-01','2015-01-02','2015-04-28',0,0,NULL,0,0,0,0,0,0,NULL,3,0),(589,'an automated title','an automated desc',NULL,'2015-01-01','2015-01-02','2015-04-26',0,0,NULL,0,0,0,0,0,0,NULL,3,0),(590,'an automated title','an automated desc',NULL,'2015-01-01','2015-01-02','2015-04-19',0,0,NULL,0,0,0,0,0,0,NULL,3,0),(591,'an automated title','an automated desc',NULL,'2015-01-01','2015-01-02','2015-05-02',0,0,NULL,0,0,0,0,0,0,NULL,3,0),(592,'an automated title','an automated desc',NULL,'2015-01-01','2015-01-02','2015-05-12',0,0,NULL,0,0,0,0,0,0,NULL,3,0),(593,'an automated title','an automated desc',NULL,'2015-01-01','2015-01-02','2015-05-02',0,0,NULL,0,0,0,0,0,0,NULL,3,0),(594,'an automated title','an automated desc',NULL,'2015-01-01','2015-01-02','2015-04-30',0,0,NULL,0,0,0,0,0,0,NULL,3,0),(595,'an automated title','an automated desc',NULL,'2015-01-01','2015-01-02','2015-05-08',0,0,NULL,0,0,0,0,0,0,NULL,3,0),(596,'an automated title','an automated desc',NULL,'2015-01-01','2015-01-02','2015-04-28',0,0,NULL,0,0,0,0,0,0,NULL,3,0),(597,'an automated title','an automated desc',NULL,'2015-01-01','2015-01-02','2015-05-05',0,0,NULL,0,0,0,0,0,0,NULL,3,0),(598,'an automated title','an automated desc',NULL,'2015-01-01','2015-01-02','2015-04-19',0,0,NULL,0,0,0,0,0,0,NULL,3,0),(599,'an automated title','an automated desc',NULL,'2015-01-01','2015-01-02','2015-04-22',0,0,NULL,0,0,0,0,0,0,NULL,3,0),(600,'an automated title','an automated desc',NULL,'2015-01-01','2015-01-02','2015-04-27',0,0,NULL,0,0,0,0,0,0,NULL,3,0),(601,'an automated title','an automated desc',NULL,'2015-01-01','2015-01-02','2015-04-19',0,0,NULL,0,0,0,0,0,0,NULL,3,0),(602,'an automated title','an automated desc',NULL,'2015-01-01','2015-01-02','2015-04-19',0,0,NULL,0,0,0,0,0,0,NULL,3,0),(603,'an automated title','an automated desc',NULL,'2015-01-01','2015-01-02','2015-05-10',0,0,NULL,0,0,0,0,0,0,NULL,3,0),(604,'an automated title','an automated desc',NULL,'2015-01-01','2015-01-02','2015-04-26',0,0,NULL,0,0,0,0,0,0,NULL,3,0),(605,'an automated title','an automated desc',NULL,'2015-01-01','2015-01-02','2015-05-01',0,0,NULL,0,0,0,0,0,0,NULL,3,0),(606,'an automated title','an automated desc',NULL,'2015-01-01','2015-01-02','2015-05-01',0,0,NULL,0,0,0,0,0,0,NULL,3,0),(607,'an automated title','an automated desc',NULL,'2015-01-01','2015-01-02','2015-04-30',0,0,NULL,0,0,0,0,0,0,NULL,3,0),(608,'an automated title','an automated desc',NULL,'2015-01-01','2015-01-02','2015-05-07',0,0,NULL,0,0,0,0,0,0,NULL,3,0),(609,'an automated title','an automated desc',NULL,'2015-01-01','2015-01-02','2015-05-02',0,0,NULL,0,0,0,0,0,0,NULL,3,0),(610,'an automated title','an automated desc',NULL,'2015-01-01','2015-01-02','2015-04-30',0,0,NULL,0,0,0,0,0,0,NULL,3,0),(611,'an automated title','an automated desc',NULL,'2015-01-01','2015-01-02','2015-04-20',0,0,NULL,0,0,0,0,0,0,NULL,3,0),(612,'an automated title','an automated desc',NULL,'2015-01-01','2015-01-02','2015-04-29',0,0,NULL,0,0,0,0,0,0,NULL,3,0),(613,'an automated title','an automated desc',NULL,'2015-01-01','2015-01-02','2015-05-06',0,0,NULL,0,0,0,0,0,0,NULL,3,0),(614,'an automated title','an automated desc',NULL,'2015-01-01','2015-01-02','2015-05-07',0,0,NULL,0,0,0,0,0,0,NULL,3,0),(615,'an automated title','an automated desc',NULL,'2015-01-01','2015-01-02','2015-04-28',0,0,NULL,0,0,0,0,0,0,NULL,3,0),(616,'an automated title','an automated desc',NULL,'2015-01-01','2015-01-02','2015-05-03',0,0,NULL,0,0,0,0,0,0,NULL,3,0),(617,'an automated title','an automated desc',NULL,'2015-01-01','2015-01-02','2015-04-29',0,0,NULL,0,0,0,0,0,0,NULL,3,0),(618,'an automated title','an automated desc',NULL,'2015-01-01','2015-01-02','2015-04-17',0,0,NULL,0,0,0,0,0,0,NULL,3,0),(619,'an automated title','an automated desc',NULL,'2015-01-01','2015-01-02','2015-04-17',0,0,NULL,0,0,0,0,0,0,NULL,3,0),(620,'an automated title','an automated desc',NULL,'2015-01-01','2015-01-02','2015-05-15',0,0,NULL,0,0,0,0,0,0,NULL,3,0),(621,'an automated title','an automated desc',NULL,'2015-01-01','2015-01-02','2015-04-25',0,0,NULL,0,0,0,0,0,0,NULL,3,0),(622,'an automated title','an automated desc',NULL,'2015-01-01','2015-01-02','2015-04-24',0,0,NULL,0,0,0,0,0,0,NULL,3,0),(623,'an automated title','an automated desc',NULL,'2015-01-01','2015-01-02','2015-04-28',0,0,NULL,0,0,0,0,0,0,NULL,3,0),(624,'an automated title','an automated desc',NULL,'2015-01-01','2015-01-02','2015-05-15',0,0,NULL,0,0,0,0,0,0,NULL,3,0),(625,'an automated title','an automated desc',NULL,'2015-01-01','2015-01-02','2015-05-08',0,0,NULL,0,0,0,0,0,0,NULL,3,0),(626,'an automated title','an automated desc',NULL,'2015-01-01','2015-01-02','2015-04-23',0,0,NULL,0,0,0,0,0,0,NULL,3,0),(627,'an automated title','an automated desc',NULL,'2015-01-01','2015-01-02','2015-05-13',0,0,NULL,0,0,0,0,0,0,NULL,3,0),(628,'an automated title','an automated desc',NULL,'2015-01-01','2015-01-02','2015-05-12',0,0,NULL,0,0,0,0,0,0,NULL,3,0),(629,'an automated title','an automated desc',NULL,'2015-01-01','2015-01-02','2015-05-13',0,0,NULL,0,0,0,0,0,0,NULL,3,0),(630,'an automated title','an automated desc',NULL,'2015-01-01','2015-01-02','2015-04-22',0,0,NULL,0,0,0,0,0,0,NULL,3,0),(631,'an automated title','an automated desc',NULL,'2015-01-01','2015-01-02','2015-05-02',0,0,NULL,0,0,0,0,0,0,NULL,3,0),(632,'an automated title','an automated desc',NULL,'2015-01-01','2015-01-02','2015-05-17',0,0,NULL,0,0,0,0,0,0,NULL,3,0),(633,'an automated title','an automated desc',NULL,'2015-01-01','2015-01-02','2015-05-02',0,0,NULL,0,0,0,0,0,0,NULL,3,0),(634,'an automated title','an automated desc',NULL,'2015-01-01','2015-01-02','2015-04-27',0,0,NULL,0,0,0,0,0,0,NULL,3,0),(635,'an automated title','an automated desc',NULL,'2015-01-01','2015-01-02','2015-04-18',0,0,NULL,0,0,0,0,0,0,NULL,3,0),(636,'an automated title','an automated desc',NULL,'2015-01-01','2015-01-02','2015-05-07',0,0,NULL,0,0,0,0,0,0,NULL,3,0),(637,'an automated title','an automated desc',NULL,'2015-01-01','2015-01-02','2015-05-14',0,0,NULL,0,0,0,0,0,0,NULL,3,0),(638,'an automated title','an automated desc',NULL,'2015-01-01','2015-01-02','2015-05-16',0,0,NULL,0,0,0,0,0,0,NULL,3,0),(639,'an automated title','an automated desc',NULL,'2015-01-01','2015-01-02','2015-04-17',0,0,NULL,0,0,0,0,0,0,NULL,3,0),(640,'an automated title','an automated desc',NULL,'2015-01-01','2015-01-02','2015-05-08',0,0,NULL,0,0,0,0,0,0,NULL,3,0),(641,'an automated title','an automated desc',NULL,'2015-01-01','2015-01-02','2015-05-11',0,0,NULL,0,0,0,0,0,0,NULL,3,0),(642,'an automated title','an automated desc',NULL,'2015-01-01','2015-01-02','2015-04-18',0,0,NULL,0,0,0,0,0,0,NULL,3,0),(643,'an automated title','an automated desc',NULL,'2015-01-01','2015-01-02','2015-05-08',0,0,NULL,0,0,0,0,0,0,NULL,3,0),(644,'an automated title','an automated desc',NULL,'2015-01-01','2015-01-02','2015-04-29',0,0,NULL,0,0,0,0,0,0,NULL,3,0),(645,'an automated title','an automated desc',NULL,'2015-01-01','2015-01-02','2015-05-08',0,0,NULL,0,0,0,0,0,0,NULL,3,0),(646,'an automated title','an automated desc',NULL,'2015-01-01','2015-01-02','2015-05-09',0,0,NULL,0,0,0,0,0,0,NULL,3,0),(647,'an automated title','an automated desc',NULL,'2015-01-01','2015-01-02','2015-05-07',0,0,NULL,0,0,0,0,0,0,NULL,3,0),(648,'an automated title','an automated desc',NULL,'2015-01-01','2015-01-02','2015-05-11',0,0,NULL,0,0,0,0,0,0,NULL,3,0),(649,'an automated title','an automated desc',NULL,'2015-01-01','2015-01-02','2015-04-25',0,0,NULL,0,0,0,0,0,0,NULL,3,0),(650,'an automated title','an automated desc',NULL,'2015-01-01','2015-01-02','2015-05-10',0,0,NULL,0,0,0,0,0,0,NULL,3,0),(651,'an automated title','an automated desc',NULL,'2015-01-01','2015-01-02','2015-04-21',0,0,NULL,0,0,0,0,0,0,NULL,3,0),(652,'an automated title','an automated desc',NULL,'2015-01-01','2015-01-02','2015-04-19',0,0,NULL,0,0,0,0,0,0,NULL,3,0),(653,'an automated title','an automated desc',NULL,'2015-01-01','2015-01-02','2015-05-14',0,0,NULL,0,0,0,0,0,0,NULL,3,0),(654,'an automated title','an automated desc',NULL,'2015-01-01','2015-01-02','2015-05-09',0,0,NULL,0,0,0,0,0,0,NULL,3,0),(655,'an automated title','an automated desc',NULL,'2015-01-01','2015-01-02','2015-05-01',0,0,NULL,0,0,0,0,0,0,NULL,3,0),(656,'an automated title','an automated desc',NULL,'2015-01-01','2015-01-02','2015-04-20',0,0,NULL,0,0,0,0,0,0,NULL,3,0),(657,'an automated title','an automated desc',NULL,'2015-01-01','2015-01-02','2015-05-02',0,0,NULL,0,0,0,0,0,0,NULL,3,0),(658,'an automated title','an automated desc',NULL,'2015-01-01','2015-01-02','2015-05-15',0,0,NULL,0,0,0,0,0,0,NULL,3,0),(659,'an automated title','an automated desc',NULL,'2015-01-01','2015-01-02','2015-05-04',0,0,NULL,0,0,0,0,0,0,NULL,3,0),(660,'an automated title','an automated desc',NULL,'2015-01-01','2015-01-02','2015-04-22',0,0,NULL,0,0,0,0,0,0,NULL,3,0),(661,'an automated title','an automated desc',NULL,'2015-01-01','2015-01-02','2015-05-14',0,0,NULL,0,0,0,0,0,0,NULL,3,0),(662,'an automated title','an automated desc',NULL,'2015-01-01','2015-01-02','2015-05-16',0,0,NULL,0,0,0,0,0,0,NULL,3,0),(663,'an automated title','an automated desc',NULL,'2015-01-01','2015-01-02','2015-04-21',0,0,NULL,0,0,0,0,0,0,NULL,3,0),(664,'an automated title','an automated desc',NULL,'2015-01-01','2015-01-02','2015-05-03',0,0,NULL,0,0,0,0,0,0,NULL,3,0),(665,'an automated title','an automated desc',NULL,'2015-01-01','2015-01-02','2015-05-14',0,0,NULL,0,0,0,0,0,0,NULL,3,0),(666,'an automated title','an automated desc',NULL,'2015-01-01','2015-01-02','2015-05-09',0,0,NULL,0,0,0,0,0,0,NULL,3,0),(667,'an automated title','an automated desc',NULL,'2015-01-01','2015-01-02','2015-04-19',0,0,NULL,0,0,0,0,0,0,NULL,3,0),(668,'an automated title','an automated desc',NULL,'2015-01-01','2015-01-02','2015-04-30',0,0,NULL,0,0,0,0,0,0,NULL,3,0),(669,'an automated title','an automated desc',NULL,'2015-01-01','2015-01-02','2015-04-17',0,0,NULL,0,0,0,0,0,0,NULL,3,0),(670,'an automated title','an automated desc',NULL,'2015-01-01','2015-01-02','2015-05-06',0,0,NULL,0,0,0,0,0,0,NULL,3,0),(671,'an automated title','an automated desc',NULL,'2015-01-01','2015-01-02','2015-05-02',0,0,NULL,0,0,0,0,0,0,NULL,3,0),(672,'an automated title','an automated desc',NULL,'2015-01-01','2015-01-02','2015-05-04',0,0,NULL,0,0,0,0,0,0,NULL,3,0),(673,'an automated title','an automated desc',NULL,'2015-01-01','2015-01-02','2015-04-29',0,0,NULL,0,0,0,0,0,0,NULL,3,0),(674,'an automated title','an automated desc',NULL,'2015-01-01','2015-01-02','2015-05-11',0,0,NULL,0,0,0,0,0,0,NULL,3,0),(675,'an automated title','an automated desc',NULL,'2015-01-01','2015-01-02','2015-04-23',0,0,NULL,0,0,0,0,0,0,NULL,3,0),(676,'an automated title','an automated desc',NULL,'2015-01-01','2015-01-02','2015-04-19',0,0,NULL,0,0,0,0,0,0,NULL,3,0),(677,'an automated title','an automated desc',NULL,'2015-01-01','2015-01-02','2015-04-21',0,0,NULL,0,0,0,0,0,0,NULL,3,0),(678,'an automated title','an automated desc',NULL,'2015-01-01','2015-01-02','2015-05-01',0,0,NULL,0,0,0,0,0,0,NULL,3,0),(679,'an automated title','an automated desc',NULL,'2015-01-01','2015-01-02','2015-04-23',0,0,NULL,0,0,0,0,0,0,NULL,3,0),(680,'an automated title','an automated desc',NULL,'2015-01-01','2015-01-02','2015-05-06',0,0,NULL,0,0,0,0,0,0,NULL,3,0),(681,'an automated title','an automated desc',NULL,'2015-01-01','2015-01-02','2015-05-07',0,0,NULL,0,0,0,0,0,0,NULL,3,0),(682,'an automated title','an automated desc',NULL,'2015-01-01','2015-01-02','2015-04-27',0,0,NULL,0,0,0,0,0,0,NULL,3,0),(683,'an automated title','an automated desc',NULL,'2015-01-01','2015-01-02','2015-05-04',0,0,NULL,0,0,0,0,0,0,NULL,3,0),(684,'an automated title','an automated desc',NULL,'2015-01-01','2015-01-02','2015-05-03',0,0,NULL,0,0,0,0,0,0,NULL,3,0),(685,'an automated title','an automated desc',NULL,'2015-01-01','2015-01-02','2015-05-06',0,0,NULL,0,0,0,0,0,0,NULL,3,0),(686,'an automated title','an automated desc',NULL,'2015-01-01','2015-01-02','2015-05-15',0,0,NULL,0,0,0,0,0,0,NULL,3,0),(687,'an automated title','an automated desc',NULL,'2015-01-01','2015-01-02','2015-05-09',0,0,NULL,0,0,0,0,0,0,NULL,3,0),(688,'an automated title','an automated desc',NULL,'2015-01-01','2015-01-02','2015-05-09',0,0,NULL,0,0,0,0,0,0,NULL,3,0),(689,'an automated title','an automated desc',NULL,'2015-01-01','2015-01-02','2015-04-26',0,0,NULL,0,0,0,0,0,0,NULL,3,0),(690,'an automated title','an automated desc',NULL,'2015-01-01','2015-01-02','2015-05-05',0,0,NULL,0,0,0,0,0,0,NULL,3,0),(691,'an automated title','an automated desc',NULL,'2015-01-01','2015-01-02','2015-05-03',0,0,NULL,0,0,0,0,0,0,NULL,3,0),(692,'an automated title','an automated desc',NULL,'2015-01-01','2015-01-02','2015-04-17',0,0,NULL,0,0,0,0,0,0,NULL,3,0),(693,'an automated title','an automated desc',NULL,'2015-01-01','2015-01-02','2015-04-28',0,0,NULL,0,0,0,0,0,0,NULL,3,0),(694,'an automated title','an automated desc',NULL,'2015-01-01','2015-01-02','2015-04-22',0,0,NULL,0,0,0,0,0,0,NULL,3,0),(695,'an automated title','an automated desc',NULL,'2015-01-01','2015-01-02','2015-05-11',0,0,NULL,0,0,0,0,0,0,NULL,3,0),(696,'an automated title','an automated desc',NULL,'2015-01-01','2015-01-02','2015-05-11',0,0,NULL,0,0,0,0,0,0,NULL,3,0),(697,'an automated title','an automated desc',NULL,'2015-01-01','2015-01-02','2015-04-30',0,0,NULL,0,0,0,0,0,0,NULL,3,0),(698,'an automated title','an automated desc',NULL,'2015-01-01','2015-01-02','2015-04-29',0,0,NULL,0,0,0,0,0,0,NULL,3,0),(699,'an automated title','an automated desc',NULL,'2015-01-01','2015-01-02','2015-04-19',0,0,NULL,0,0,0,0,0,0,NULL,3,0),(700,'an automated title','an automated desc',NULL,'2015-01-01','2015-01-02','2015-05-07',0,0,NULL,0,0,0,0,0,0,NULL,3,0),(701,'an automated title','an automated desc',NULL,'2015-01-01','2015-01-02','2015-05-01',0,0,NULL,0,0,0,0,0,0,NULL,3,0),(702,'an automated title','an automated desc',NULL,'2015-01-01','2015-01-02','2015-04-17',0,0,NULL,0,0,0,0,0,0,NULL,3,0),(703,'an automated title','an automated desc',NULL,'2015-01-01','2015-01-02','2015-04-20',0,0,NULL,0,0,0,0,0,0,NULL,3,0),(704,'an automated title','an automated desc',NULL,'2015-01-01','2015-01-02','2015-04-19',0,0,NULL,0,0,0,0,0,0,NULL,3,0),(705,'an automated title','an automated desc',NULL,'2015-01-01','2015-01-02','2015-04-22',0,0,NULL,0,0,0,0,0,0,NULL,3,0),(706,'an automated title','an automated desc',NULL,'2015-01-01','2015-01-02','2015-04-20',0,0,NULL,0,0,0,0,0,0,NULL,3,0),(707,'an automated title','an automated desc',NULL,'2015-01-01','2015-01-02','2015-05-16',0,0,NULL,0,0,0,0,0,0,NULL,3,0),(708,'an automated title','an automated desc',NULL,'2015-01-01','2015-01-02','2015-05-07',0,0,NULL,0,0,0,0,0,0,NULL,3,0),(709,'an automated title','an automated desc',NULL,'2015-01-01','2015-01-02','2015-04-29',0,0,NULL,0,0,0,0,0,0,NULL,3,0),(710,'an automated title','an automated desc',NULL,'2015-01-01','2015-01-02','2015-04-19',0,0,NULL,0,0,0,0,0,0,NULL,3,0),(711,'an automated title','an automated desc',NULL,'2015-01-01','2015-01-02','2015-05-05',0,0,NULL,0,0,0,0,0,0,NULL,3,0),(712,'an automated title','an automated desc',NULL,'2015-01-01','2015-01-02','2015-04-23',0,0,NULL,0,0,0,0,0,0,NULL,3,0),(713,'an automated title','an automated desc',NULL,'2015-01-01','2015-01-02','2015-05-11',0,0,NULL,0,0,0,0,0,0,NULL,3,0),(714,'an automated title','an automated desc',NULL,'2015-01-01','2015-01-02','2015-04-23',0,0,NULL,0,0,0,0,0,0,NULL,3,0),(715,'an automated title','an automated desc',NULL,'2015-01-01','2015-01-02','2015-05-13',0,0,NULL,0,0,0,0,0,0,NULL,3,0),(716,'an automated title','an automated desc',NULL,'2015-01-01','2015-01-02','2015-05-15',0,0,NULL,0,0,0,0,0,0,NULL,3,0),(717,'an automated title','an automated desc',NULL,'2015-01-01','2015-01-02','2015-04-27',0,0,NULL,0,0,0,0,0,0,NULL,3,0),(718,'an automated title','an automated desc',NULL,'2015-01-01','2015-01-02','2015-05-15',0,0,NULL,0,0,0,0,0,0,NULL,3,0),(719,'an automated title','an automated desc',NULL,'2015-01-01','2015-01-02','2015-05-06',0,0,NULL,0,0,0,0,0,0,NULL,3,0),(720,'an automated title','an automated desc',NULL,'2015-01-01','2015-01-02','2015-04-25',0,0,NULL,0,0,0,0,0,0,NULL,3,0),(721,'an automated title','an automated desc',NULL,'2015-01-01','2015-01-02','2015-05-14',0,0,NULL,0,0,0,0,0,0,NULL,3,0),(722,'an automated title','an automated desc',NULL,'2015-01-01','2015-01-02','2015-05-12',0,0,NULL,0,0,0,0,0,0,NULL,3,0),(723,'an automated title','an automated desc',NULL,'2015-01-01','2015-01-02','2015-04-18',0,0,NULL,0,0,0,0,0,0,NULL,3,0),(724,'an automated title','an automated desc',NULL,'2015-01-01','2015-01-02','2015-04-19',0,0,NULL,0,0,0,0,0,0,NULL,3,0),(725,'an automated title','an automated desc',NULL,'2015-01-01','2015-01-02','2015-04-25',0,0,NULL,0,0,0,0,0,0,NULL,3,0),(726,'an automated title','an automated desc',NULL,'2015-01-01','2015-01-02','2015-05-02',0,0,NULL,0,0,0,0,0,0,NULL,3,0),(727,'an automated title','an automated desc',NULL,'2015-01-01','2015-01-02','2015-05-11',0,0,NULL,0,0,0,0,0,0,NULL,3,0),(728,'an automated title','an automated desc',NULL,'2015-01-01','2015-01-02','2015-05-12',0,0,NULL,0,0,0,0,0,0,NULL,3,0),(729,'an automated title','an automated desc',NULL,'2015-01-01','2015-01-02','2015-04-19',0,0,NULL,0,0,0,0,0,0,NULL,3,0),(730,'an automated title','an automated desc',NULL,'2015-01-01','2015-01-02','2015-04-26',0,0,NULL,0,0,0,0,0,0,NULL,3,0),(731,'an automated title','an automated desc',NULL,'2015-01-01','2015-01-02','2015-05-13',0,0,NULL,0,0,0,0,0,0,NULL,3,0),(732,'an automated title','an automated desc',NULL,'2015-01-01','2015-01-02','2015-05-04',0,0,NULL,0,0,0,0,0,0,NULL,3,0),(733,'an automated title','an automated desc',NULL,'2015-01-01','2015-01-02','2015-04-28',0,0,NULL,0,0,0,0,0,0,NULL,3,0),(734,'an automated title','an automated desc',NULL,'2015-01-01','2015-01-02','2015-04-25',0,0,NULL,0,0,0,0,0,0,NULL,3,0),(735,'an automated title','an automated desc',NULL,'2015-01-01','2015-01-02','2015-05-03',0,0,NULL,0,0,0,0,0,0,NULL,3,0),(736,'an automated title','an automated desc',NULL,'2015-01-01','2015-01-02','2015-05-06',0,0,NULL,0,0,0,0,0,0,NULL,3,0),(737,'an automated title','an automated desc',NULL,'2015-01-01','2015-01-02','2015-04-23',0,0,NULL,0,0,0,0,0,0,NULL,3,0),(738,'an automated title','an automated desc',NULL,'2015-01-01','2015-01-02','2015-05-01',0,0,NULL,0,0,0,0,0,0,NULL,3,0),(739,'an automated title','an automated desc',NULL,'2015-01-01','2015-01-02','2015-05-08',0,0,NULL,0,0,0,0,0,0,NULL,3,0),(740,'an automated title','an automated desc',NULL,'2015-01-01','2015-01-02','2015-04-22',0,0,NULL,0,0,0,0,0,0,NULL,3,0),(741,'an automated title','an automated desc',NULL,'2015-01-01','2015-01-02','2015-05-05',0,0,NULL,0,0,0,0,0,0,NULL,3,0),(742,'an automated title','an automated desc',NULL,'2015-01-01','2015-01-02','2015-05-12',0,0,NULL,0,0,0,0,0,0,NULL,3,0),(743,'an automated title','an automated desc',NULL,'2015-01-01','2015-01-02','2015-04-21',0,0,NULL,0,0,0,0,0,0,NULL,3,0),(744,'an automated title','an automated desc',NULL,'2015-01-01','2015-01-02','2015-05-08',0,0,NULL,0,0,0,0,0,0,NULL,3,0),(745,'an automated title','an automated desc',NULL,'2015-01-01','2015-01-02','2015-05-02',0,0,NULL,0,0,0,0,0,0,NULL,3,0),(746,'an automated title','an automated desc',NULL,'2015-01-01','2015-01-02','2015-05-09',0,0,NULL,0,0,0,0,0,0,NULL,3,0),(747,'an automated title','an automated desc',NULL,'2015-01-01','2015-01-02','2015-04-20',0,0,NULL,0,0,0,0,0,0,NULL,3,0),(748,'an automated title','an automated desc',NULL,'2015-01-01','2015-01-02','2015-05-12',0,0,NULL,0,0,0,0,0,0,NULL,3,0),(749,'an automated title','an automated desc',NULL,'2015-01-01','2015-01-02','2015-04-29',0,0,NULL,0,0,0,0,0,0,NULL,3,0),(750,'an automated title','an automated desc',NULL,'2015-01-01','2015-01-02','2015-05-01',0,0,NULL,0,0,0,0,0,0,NULL,3,0),(751,'an automated title','an automated desc',NULL,'2015-01-01','2015-01-02','2015-04-24',0,0,NULL,0,0,0,0,0,0,NULL,3,0),(752,'an automated title','an automated desc',NULL,'2015-01-01','2015-01-02','2015-04-29',0,0,NULL,0,0,0,0,0,0,NULL,3,0),(753,'an automated title','an automated desc',NULL,'2015-01-01','2015-01-02','2015-05-05',0,0,NULL,0,0,0,0,0,0,NULL,3,0),(754,'an automated title','an automated desc',NULL,'2015-01-01','2015-01-02','2015-05-16',0,0,NULL,0,0,0,0,0,0,NULL,3,0),(755,'an automated title','an automated desc',NULL,'2015-01-01','2015-01-02','2015-04-28',0,0,NULL,0,0,0,0,0,0,NULL,3,0),(756,'an automated title','an automated desc',NULL,'2015-01-01','2015-01-02','2015-04-26',0,0,NULL,0,0,0,0,0,0,NULL,3,0),(757,'an automated title','an automated desc',NULL,'2015-01-01','2015-01-02','2015-04-18',0,0,NULL,0,0,0,0,0,0,NULL,3,0),(758,'an automated title','an automated desc',NULL,'2015-01-01','2015-01-02','2015-05-08',0,0,NULL,0,0,0,0,0,0,NULL,3,0),(759,'an automated title','an automated desc',NULL,'2015-01-01','2015-01-02','2015-04-30',0,0,NULL,0,0,0,0,0,0,NULL,3,0),(760,'an automated title','an automated desc',NULL,'2015-01-01','2015-01-02','2015-05-03',0,0,NULL,0,0,0,0,0,0,NULL,3,0),(761,'an automated title','an automated desc',NULL,'2015-01-01','2015-01-02','2015-04-19',0,0,NULL,0,0,0,0,0,0,NULL,3,0),(762,'an automated title','an automated desc',NULL,'2015-01-01','2015-01-02','2015-05-04',0,0,NULL,0,0,0,0,0,0,NULL,3,0),(763,'an automated title','an automated desc',NULL,'2015-01-01','2015-01-02','2015-05-14',0,0,NULL,0,0,0,0,0,0,NULL,3,0),(764,'an automated title','an automated desc',NULL,'2015-01-01','2015-01-02','2015-05-01',0,0,NULL,0,0,0,0,0,0,NULL,3,0),(765,'an automated title','an automated desc',NULL,'2015-01-01','2015-01-02','2015-04-27',0,0,NULL,0,0,0,0,0,0,NULL,3,0),(766,'an automated title','an automated desc',NULL,'2015-01-01','2015-01-02','2015-05-17',0,0,NULL,0,0,0,0,0,0,NULL,3,0),(767,'an automated title','an automated desc',NULL,'2015-01-01','2015-01-02','2015-05-07',0,0,NULL,0,0,0,0,0,0,NULL,3,0),(768,'an automated title','an automated desc',NULL,'2015-01-01','2015-01-02','2015-04-25',0,0,NULL,0,0,0,0,0,0,NULL,3,0),(769,'an automated title','an automated desc',NULL,'2015-01-01','2015-01-02','2015-05-16',0,0,NULL,0,0,0,0,0,0,NULL,3,0),(770,'an automated title','an automated desc',NULL,'2015-01-01','2015-01-02','2015-05-11',0,0,NULL,0,0,0,0,0,0,NULL,3,0),(771,'an automated title','an automated desc',NULL,'2015-01-01','2015-01-02','2015-05-05',0,0,NULL,0,0,0,0,0,0,NULL,3,0),(772,'an automated title','an automated desc',NULL,'2015-01-01','2015-01-02','2015-04-30',0,0,NULL,0,0,0,0,0,0,NULL,3,0),(773,'an automated title','an automated desc',NULL,'2015-01-01','2015-01-02','2015-05-05',0,0,NULL,0,0,0,0,0,0,NULL,3,0),(774,'an automated title','an automated desc',NULL,'2015-01-01','2015-01-02','2015-05-07',0,0,NULL,0,0,0,0,0,0,NULL,3,0),(775,'an automated title','an automated desc',NULL,'2015-01-01','2015-01-02','2015-05-13',0,0,NULL,0,0,0,0,0,0,NULL,3,0),(776,'an automated title','an automated desc',NULL,'2015-01-01','2015-01-02','2015-04-17',0,0,NULL,0,0,0,0,0,0,NULL,3,0),(777,'an automated title','an automated desc',NULL,'2015-01-01','2015-01-02','2015-04-28',0,0,NULL,0,0,0,0,0,0,NULL,3,0),(778,'an automated title','an automated desc',NULL,'2015-01-01','2015-01-02','2015-05-12',0,0,NULL,0,0,0,0,0,0,NULL,3,0),(779,'an automated title','an automated desc',NULL,'2015-01-01','2015-01-02','2015-04-23',0,0,NULL,0,0,0,0,0,0,NULL,3,0),(780,'an automated title','an automated desc',NULL,'2015-01-01','2015-01-02','2015-05-04',0,0,NULL,0,0,0,0,0,0,NULL,3,0),(781,'an automated title','an automated desc',NULL,'2015-01-01','2015-01-02','2015-05-15',0,0,NULL,0,0,0,0,0,0,NULL,3,0),(782,'an automated title','an automated desc',NULL,'2015-01-01','2015-01-02','2015-05-05',0,0,NULL,0,0,0,0,0,0,NULL,3,0),(783,'an automated title','an automated desc',NULL,'2015-01-01','2015-01-02','2015-05-16',0,0,NULL,0,0,0,0,0,0,NULL,3,0),(784,'an automated title','an automated desc',NULL,'2015-01-01','2015-01-02','2015-04-22',0,0,NULL,0,0,0,0,0,0,NULL,3,0),(785,'an automated title','an automated desc',NULL,'2015-01-01','2015-01-02','2015-05-14',0,0,NULL,0,0,0,0,0,0,NULL,3,0),(786,'an automated title','an automated desc',NULL,'2015-01-01','2015-01-02','2015-04-22',0,0,NULL,0,0,0,0,0,0,NULL,3,0),(787,'an automated title','an automated desc',NULL,'2015-01-01','2015-01-02','2015-05-16',0,0,NULL,0,0,0,0,0,0,NULL,3,0),(788,'an automated title','an automated desc',NULL,'2015-01-01','2015-01-02','2015-05-02',0,0,NULL,0,0,0,0,0,0,NULL,3,0),(789,'an automated title','an automated desc',NULL,'2015-01-01','2015-01-02','2015-04-30',0,0,NULL,0,0,0,0,0,0,NULL,3,0),(790,'an automated title','an automated desc',NULL,'2015-01-01','2015-01-02','2015-04-18',0,0,NULL,0,0,0,0,0,0,NULL,3,0),(791,'an automated title','an automated desc',NULL,'2015-01-01','2015-01-02','2015-05-07',0,0,NULL,0,0,0,0,0,0,NULL,3,0),(792,'an automated title','an automated desc',NULL,'2015-01-01','2015-01-02','2015-05-08',0,0,NULL,0,0,0,0,0,0,NULL,3,0),(793,'an automated title','an automated desc',NULL,'2015-01-01','2015-01-02','2015-04-29',0,0,NULL,0,0,0,0,0,0,NULL,3,0),(794,'an automated title','an automated desc',NULL,'2015-01-01','2015-01-02','2015-05-14',0,0,NULL,0,0,0,0,0,0,NULL,3,0),(795,'an automated title','an automated desc',NULL,'2015-01-01','2015-01-02','2015-05-12',0,0,NULL,0,0,0,0,0,0,NULL,3,0),(796,'an automated title','an automated desc',NULL,'2015-01-01','2015-01-02','2015-04-26',0,0,NULL,0,0,0,0,0,0,NULL,3,0),(797,'an automated title','an automated desc',NULL,'2015-01-01','2015-01-02','2015-05-06',0,0,NULL,0,0,0,0,0,0,NULL,3,0),(798,'an automated title','an automated desc',NULL,'2015-01-01','2015-01-02','2015-04-20',0,0,NULL,0,0,0,0,0,0,NULL,3,0),(799,'an automated title','an automated desc',NULL,'2015-01-01','2015-01-02','2015-05-16',0,0,NULL,0,0,0,0,0,0,NULL,3,0),(800,'an automated title','an automated desc',NULL,'2015-01-01','2015-01-02','2015-04-18',0,0,NULL,0,0,0,0,0,0,NULL,3,0),(801,'an automated title','an automated desc',NULL,'2015-01-01','2015-01-02','2015-05-01',0,0,NULL,0,0,0,0,0,0,NULL,3,0),(802,'an automated title','an automated desc',NULL,'2015-01-01','2015-01-02','2015-04-26',0,0,NULL,0,0,0,0,0,0,NULL,3,0),(803,'an automated title','an automated desc',NULL,'2015-01-01','2015-01-02','2015-05-07',0,0,NULL,0,0,0,0,0,0,NULL,3,0),(804,'an automated title','an automated desc',NULL,'2015-01-01','2015-01-02','2015-05-10',0,0,NULL,0,0,0,0,0,0,NULL,3,0),(805,'an automated title','an automated desc',NULL,'2015-01-01','2015-01-02','2015-05-02',0,0,NULL,0,0,0,0,0,0,NULL,3,0),(806,'an automated title','an automated desc',NULL,'2015-01-01','2015-01-02','2015-05-01',0,0,NULL,0,0,0,0,0,0,NULL,3,0),(807,'an automated title','an automated desc',NULL,'2015-01-01','2015-01-02','2015-05-03',0,0,NULL,0,0,0,0,0,0,NULL,3,0),(808,'an automated title','an automated desc',NULL,'2015-01-01','2015-01-02','2015-05-10',0,0,NULL,0,0,0,0,0,0,NULL,3,0),(809,'an automated title','an automated desc',NULL,'2015-01-01','2015-01-02','2015-05-03',0,0,NULL,0,0,0,0,0,0,NULL,3,0),(810,'an automated title','an automated desc',NULL,'2015-01-01','2015-01-02','2015-05-04',0,0,NULL,0,0,0,0,0,0,NULL,3,0),(811,'an automated title','an automated desc',NULL,'2015-01-01','2015-01-02','2015-04-17',0,0,NULL,0,0,0,0,0,0,NULL,3,0),(812,'an automated title','an automated desc',NULL,'2015-01-01','2015-01-02','2015-05-08',0,0,NULL,0,0,0,0,0,0,NULL,3,0),(813,'an automated title','an automated desc',NULL,'2015-01-01','2015-01-02','2015-04-29',0,0,NULL,0,0,0,0,0,0,NULL,3,0),(814,'an automated title','an automated desc',NULL,'2015-01-01','2015-01-02','2015-04-23',0,0,NULL,0,0,0,0,0,0,NULL,3,0),(815,'an automated title','an automated desc',NULL,'2015-01-01','2015-01-02','2015-04-27',0,0,NULL,0,0,0,0,0,0,NULL,3,0),(816,'an automated title','an automated desc',NULL,'2015-01-01','2015-01-02','2015-04-30',0,0,NULL,0,0,0,0,0,0,NULL,3,0),(817,'an automated title','an automated desc',NULL,'2015-01-01','2015-01-02','2015-05-08',0,0,NULL,0,0,0,0,0,0,NULL,3,0),(818,'an automated title','an automated desc',NULL,'2015-01-01','2015-01-02','2015-04-20',0,0,NULL,0,0,0,0,0,0,NULL,3,0),(819,'an automated title','an automated desc',NULL,'2015-01-01','2015-01-02','2015-04-25',0,0,NULL,0,0,0,0,0,0,NULL,3,0),(820,'an automated title','an automated desc',NULL,'2015-01-01','2015-01-02','2015-04-25',0,0,NULL,0,0,0,0,0,0,NULL,3,0),(821,'an automated title','an automated desc',NULL,'2015-01-01','2015-01-02','2015-05-13',0,0,NULL,0,0,0,0,0,0,NULL,3,0),(822,'an automated title','an automated desc',NULL,'2015-01-01','2015-01-02','2015-05-06',0,0,NULL,0,0,0,0,0,0,NULL,3,0),(823,'an automated title','an automated desc',NULL,'2015-01-01','2015-01-02','2015-04-28',0,0,NULL,0,0,0,0,0,0,NULL,3,0),(824,'an automated title','an automated desc',NULL,'2015-01-01','2015-01-02','2015-05-07',0,0,NULL,0,0,0,0,0,0,NULL,3,0),(825,'an automated title','an automated desc',NULL,'2015-01-01','2015-01-02','2015-04-18',0,0,NULL,0,0,0,0,0,0,NULL,3,0),(826,'an automated title','an automated desc',NULL,'2015-01-01','2015-01-02','2015-05-12',0,0,NULL,0,0,0,0,0,0,NULL,3,0),(827,'an automated title','an automated desc',NULL,'2015-01-01','2015-01-02','2015-05-15',0,0,NULL,0,0,0,0,0,0,NULL,3,0),(828,'an automated title','an automated desc',NULL,'2015-01-01','2015-01-02','2015-05-17',0,0,NULL,0,0,0,0,0,0,NULL,3,0),(829,'an automated title','an automated desc',NULL,'2015-01-01','2015-01-02','2015-04-20',0,0,NULL,0,0,0,0,0,0,NULL,3,0),(830,'an automated title','an automated desc',NULL,'2015-01-01','2015-01-02','2015-05-16',0,0,NULL,0,0,0,0,0,0,NULL,3,0),(831,'an automated title','an automated desc',NULL,'2015-01-01','2015-01-02','2015-04-22',0,0,NULL,0,0,0,0,0,0,NULL,3,0),(832,'an automated title','an automated desc',NULL,'2015-01-01','2015-01-02','2015-05-10',0,0,NULL,0,0,0,0,0,0,NULL,3,0),(833,'an automated title','an automated desc',NULL,'2015-01-01','2015-01-02','2015-05-11',0,0,NULL,0,0,0,0,0,0,NULL,3,0),(834,'an automated title','an automated desc',NULL,'2015-01-01','2015-01-02','2015-04-20',0,0,NULL,0,0,0,0,0,0,NULL,3,0),(835,'an automated title','an automated desc',NULL,'2015-01-01','2015-01-02','2015-05-13',0,0,NULL,0,0,0,0,0,0,NULL,3,0),(836,'an automated title','an automated desc',NULL,'2015-01-01','2015-01-02','2015-04-18',0,0,NULL,0,0,0,0,0,0,NULL,3,0),(837,'an automated title','an automated desc',NULL,'2015-01-01','2015-01-02','2015-05-10',0,0,NULL,0,0,0,0,0,0,NULL,3,0),(838,'an automated title','an automated desc',NULL,'2015-01-01','2015-01-02','2015-04-30',0,0,NULL,0,0,0,0,0,0,NULL,3,0),(839,'an automated title','an automated desc',NULL,'2015-01-01','2015-01-02','2015-05-14',0,0,NULL,0,0,0,0,0,0,NULL,3,0),(840,'an automated title','an automated desc',NULL,'2015-01-01','2015-01-02','2015-05-02',0,0,NULL,0,0,0,0,0,0,NULL,3,0),(841,'an automated title','an automated desc',NULL,'2015-01-01','2015-01-02','2015-05-14',0,0,NULL,0,0,0,0,0,0,NULL,3,0),(842,'an automated title','an automated desc',NULL,'2015-01-01','2015-01-02','2015-04-25',0,0,NULL,0,0,0,0,0,0,NULL,3,0),(843,'an automated title','an automated desc',NULL,'2015-01-01','2015-01-02','2015-05-05',0,0,NULL,0,0,0,0,0,0,NULL,3,0),(844,'an automated title','an automated desc',NULL,'2015-01-01','2015-01-02','2015-05-13',0,0,NULL,0,0,0,0,0,0,NULL,3,0),(845,'an automated title','an automated desc',NULL,'2015-01-01','2015-01-02','2015-04-26',0,0,NULL,0,0,0,0,0,0,NULL,3,0),(846,'an automated title','an automated desc',NULL,'2015-01-01','2015-01-02','2015-04-29',0,0,NULL,0,0,0,0,0,0,NULL,3,0),(847,'an automated title','an automated desc',NULL,'2015-01-01','2015-01-02','2015-05-15',0,0,NULL,0,0,0,0,0,0,NULL,3,0),(848,'an automated title','an automated desc',NULL,'2015-01-01','2015-01-02','2015-04-20',0,0,NULL,0,0,0,0,0,0,NULL,3,0),(849,'an automated title','an automated desc',NULL,'2015-01-01','2015-01-02','2015-05-06',0,0,NULL,0,0,0,0,0,0,NULL,3,0),(850,'an automated title','an automated desc',NULL,'2015-01-01','2015-01-02','2015-04-27',0,0,NULL,0,0,0,0,0,0,NULL,3,0),(851,'an automated title','an automated desc',NULL,'2015-01-01','2015-01-02','2015-04-26',0,0,NULL,0,0,0,0,0,0,NULL,3,0),(852,'an automated title','an automated desc',NULL,'2015-01-01','2015-01-02','2015-05-09',0,0,NULL,0,0,0,0,0,0,NULL,3,0),(853,'an automated title','an automated desc',NULL,'2015-01-01','2015-01-02','2015-05-12',0,0,NULL,0,0,0,0,0,0,NULL,3,0),(854,'an automated title','an automated desc',NULL,'2015-01-01','2015-01-02','2015-05-03',0,0,NULL,0,0,0,0,0,0,NULL,3,0),(855,'an automated title','an automated desc',NULL,'2015-01-01','2015-01-02','2015-04-23',0,0,NULL,0,0,0,0,0,0,NULL,3,0),(856,'an automated title','an automated desc',NULL,'2015-01-01','2015-01-02','2015-04-20',0,0,NULL,0,0,0,0,0,0,NULL,3,0),(857,'an automated title','an automated desc',NULL,'2015-01-01','2015-01-02','2015-04-20',0,0,NULL,0,0,0,0,0,0,NULL,3,0),(858,'an automated title','an automated desc',NULL,'2015-01-01','2015-01-02','2015-05-16',0,0,NULL,0,0,0,0,0,0,NULL,3,0),(859,'an automated title','an automated desc',NULL,'2015-01-01','2015-01-02','2015-05-09',0,0,NULL,0,0,0,0,0,0,NULL,3,0),(860,'an automated title','an automated desc',NULL,'2015-01-01','2015-01-02','2015-05-08',0,0,NULL,0,0,0,0,0,0,NULL,3,0),(861,'an automated title','an automated desc',NULL,'2015-01-01','2015-01-02','2015-05-05',0,0,NULL,0,0,0,0,0,0,NULL,3,0),(862,'an automated title','an automated desc',NULL,'2015-01-01','2015-01-02','2015-05-17',0,0,NULL,0,0,0,0,0,0,NULL,3,0),(863,'an automated title','an automated desc',NULL,'2015-01-01','2015-01-02','2015-04-23',0,0,NULL,0,0,0,0,0,0,NULL,3,0),(864,'an automated title','an automated desc',NULL,'2015-01-01','2015-01-02','2015-05-10',0,0,NULL,0,0,0,0,0,0,NULL,3,0),(865,'an automated title','an automated desc',NULL,'2015-01-01','2015-01-02','2015-04-19',0,0,NULL,0,0,0,0,0,0,NULL,3,0),(866,'an automated title','an automated desc',NULL,'2015-01-01','2015-01-02','2015-04-27',0,0,NULL,0,0,0,0,0,0,NULL,3,0),(867,'an automated title','an automated desc',NULL,'2015-01-01','2015-01-02','2015-05-13',0,0,NULL,0,0,0,0,0,0,NULL,3,0),(868,'an automated title','an automated desc',NULL,'2015-01-01','2015-01-02','2015-05-08',0,0,NULL,0,0,0,0,0,0,NULL,3,0),(869,'an automated title','an automated desc',NULL,'2015-01-01','2015-01-02','2015-05-04',0,0,NULL,0,0,0,0,0,0,NULL,3,0),(870,'an automated title','an automated desc',NULL,'2015-01-01','2015-01-02','2015-05-09',0,0,NULL,0,0,0,0,0,0,NULL,3,0),(871,'an automated title','an automated desc',NULL,'2015-01-01','2015-01-02','2015-04-26',0,0,NULL,0,0,0,0,0,0,NULL,3,0),(872,'an automated title','an automated desc',NULL,'2015-01-01','2015-01-02','2015-05-17',0,0,NULL,0,0,0,0,0,0,NULL,3,0),(873,'an automated title','an automated desc',NULL,'2015-01-01','2015-01-02','2015-04-21',0,0,NULL,0,0,0,0,0,0,NULL,3,0),(874,'an automated title','an automated desc',NULL,'2015-01-01','2015-01-02','2015-04-25',0,0,NULL,0,0,0,0,0,0,NULL,3,0),(875,'an automated title','an automated desc',NULL,'2015-01-01','2015-01-02','2015-04-29',0,0,NULL,0,0,0,0,0,0,NULL,3,0),(876,'an automated title','an automated desc',NULL,'2015-01-01','2015-01-02','2015-05-17',0,0,NULL,0,0,0,0,0,0,NULL,3,0),(877,'an automated title','an automated desc',NULL,'2015-01-01','2015-01-02','2015-04-24',0,0,NULL,0,0,0,0,0,0,NULL,3,0),(878,'an automated title','an automated desc',NULL,'2015-01-01','2015-01-02','2015-04-25',0,0,NULL,0,0,0,0,0,0,NULL,3,0),(879,'an automated title','an automated desc',NULL,'2015-01-01','2015-01-02','2015-04-23',0,0,NULL,0,0,0,0,0,0,NULL,3,0),(880,'an automated title','an automated desc',NULL,'2015-01-01','2015-01-02','2015-04-19',0,0,NULL,0,0,0,0,0,0,NULL,3,0),(881,'an automated title','an automated desc',NULL,'2015-01-01','2015-01-02','2015-05-09',0,0,NULL,0,0,0,0,0,0,NULL,3,0),(882,'an automated title','an automated desc',NULL,'2015-01-01','2015-01-02','2015-04-30',0,0,NULL,0,0,0,0,0,0,NULL,3,0),(883,'an automated title','an automated desc',NULL,'2015-01-01','2015-01-02','2015-04-20',0,0,NULL,0,0,0,0,0,0,NULL,3,0),(884,'an automated title','an automated desc',NULL,'2015-01-01','2015-01-02','2015-05-11',0,0,NULL,0,0,0,0,0,0,NULL,3,0),(885,'an automated title','an automated desc',NULL,'2015-01-01','2015-01-02','2015-05-14',0,0,NULL,0,0,0,0,0,0,NULL,3,0),(886,'an automated title','an automated desc',NULL,'2015-01-01','2015-01-02','2015-04-25',0,0,NULL,0,0,0,0,0,0,NULL,3,0),(887,'an automated title','an automated desc',NULL,'2015-01-01','2015-01-02','2015-04-17',0,0,NULL,0,0,0,0,0,0,NULL,3,0),(888,'an automated title','an automated desc',NULL,'2015-01-01','2015-01-02','2015-04-26',0,0,NULL,0,0,0,0,0,0,NULL,3,0),(889,'an automated title','an automated desc',NULL,'2015-01-01','2015-01-02','2015-05-01',0,0,NULL,0,0,0,0,0,0,NULL,3,0),(890,'an automated title','an automated desc',NULL,'2015-01-01','2015-01-02','2015-04-21',0,0,NULL,0,0,0,0,0,0,NULL,3,0),(891,'an automated title','an automated desc',NULL,'2015-01-01','2015-01-02','2015-04-24',0,0,NULL,0,0,0,0,0,0,NULL,3,0),(892,'an automated title','an automated desc',NULL,'2015-01-01','2015-01-02','2015-04-29',0,0,NULL,0,0,0,0,0,0,NULL,3,0),(893,'an automated title','an automated desc',NULL,'2015-01-01','2015-01-02','2015-05-04',0,0,NULL,0,0,0,0,0,0,NULL,3,0),(894,'an automated title','an automated desc',NULL,'2015-01-01','2015-01-02','2015-05-14',0,0,NULL,0,0,0,0,0,0,NULL,3,0),(895,'an automated title','an automated desc',NULL,'2015-01-01','2015-01-02','2015-04-27',0,0,NULL,0,0,0,0,0,0,NULL,3,0),(896,'an automated title','an automated desc',NULL,'2015-01-01','2015-01-02','2015-04-22',0,0,NULL,0,0,0,0,0,0,NULL,3,0),(897,'an automated title','an automated desc',NULL,'2015-01-01','2015-01-02','2015-04-29',0,0,NULL,0,0,0,0,0,0,NULL,3,0),(898,'an automated title','an automated desc',NULL,'2015-01-01','2015-01-02','2015-04-18',0,0,NULL,0,0,0,0,0,0,NULL,3,0),(899,'an automated title','an automated desc',NULL,'2015-01-01','2015-01-02','2015-04-20',0,0,NULL,0,0,0,0,0,0,NULL,3,0),(900,'an automated title','an automated desc',NULL,'2015-01-01','2015-01-02','2015-05-10',0,0,NULL,0,0,0,0,0,0,NULL,3,0),(901,'an automated title','an automated desc',NULL,'2015-01-01','2015-01-02','2015-04-23',0,0,NULL,0,0,0,0,0,0,NULL,3,0);
/*!40000 ALTER TABLE `events` ENABLE KEYS */;
UNLOCK TABLES;

--
-- Table structure for table `evidencetypes`
--

DROP TABLE IF EXISTS `evidencetypes`;
/*!40101 SET @saved_cs_client     = @@character_set_client */;
/*!40101 SET character_set_client = utf8 */;
CREATE TABLE `evidencetypes` (
  `id` bigint(20) NOT NULL AUTO_INCREMENT,
  `name` varchar(200) NOT NULL,
  `description` text,
  `event_id` bigint(20) DEFAULT NULL,
  PRIMARY KEY (`id`),
  KEY `event_id` (`event_id`),
  CONSTRAINT `evidencetypes_ibfk_1` FOREIGN KEY (`event_id`) REFERENCES `events` (`id`)
) ENGINE=InnoDB AUTO_INCREMENT=2 DEFAULT CHARSET=latin1;
/*!40101 SET character_set_client = @saved_cs_client */;

--
-- Dumping data for table `evidencetypes`
--

LOCK TABLES `evidencetypes` WRITE;
/*!40000 ALTER TABLE `evidencetypes` DISABLE KEYS */;
INSERT INTO `evidencetypes` VALUES (1,'saadafa','fdsf',15);
/*!40000 ALTER TABLE `evidencetypes` ENABLE KEYS */;
UNLOCK TABLES;

--
-- Table structure for table `internationalauthorities`
--

DROP TABLE IF EXISTS `internationalauthorities`;
/*!40101 SET @saved_cs_client     = @@character_set_client */;
/*!40101 SET character_set_client = utf8 */;
CREATE TABLE `internationalauthorities` (
  `id` bigint(20) NOT NULL AUTO_INCREMENT,
  `name` varchar(200) NOT NULL,
  `description` text,
  PRIMARY KEY (`id`)
) ENGINE=InnoDB AUTO_INCREMENT=3 DEFAULT CHARSET=latin1;
/*!40101 SET character_set_client = @saved_cs_client */;

--
-- Dumping data for table `internationalauthorities`
--

LOCK TABLES `internationalauthorities` WRITE;
/*!40000 ALTER TABLE `internationalauthorities` DISABLE KEYS */;
INSERT INTO `internationalauthorities` VALUES (1,'Barack Obama','President of the U.S.A. for two terms'),(2,'Stephen Harper','Prime Minister of Canada');
/*!40000 ALTER TABLE `internationalauthorities` ENABLE KEYS */;
UNLOCK TABLES;

--
-- Table structure for table `locations`
--

DROP TABLE IF EXISTS `locations`;
/*!40101 SET @saved_cs_client     = @@character_set_client */;
/*!40101 SET character_set_client = utf8 */;
CREATE TABLE `locations` (
  `id` bigint(20) NOT NULL AUTO_INCREMENT,
  `name` varchar(200) NOT NULL,
  `longitude` float NOT NULL,
  `latitude` float NOT NULL,
  PRIMARY KEY (`id`)
) ENGINE=InnoDB AUTO_INCREMENT=6 DEFAULT CHARSET=latin1;
/*!40101 SET character_set_client = @saved_cs_client */;

--
-- Dumping data for table `locations`
--

LOCK TABLES `locations` WRITE;
/*!40000 ALTER TABLE `locations` DISABLE KEYS */;
INSERT INTO `locations` VALUES (1,'London, England',-0.127647,51.5073),(2,'Guantanamo Bay Prison',-75.0989,19.9022),(3,'Secret Court',0,0),(4,'Montreal, QC, Canada',-73.6022,45.5506),(5,'Toronto, ON, Canada',-79.3798,43.6737);
/*!40000 ALTER TABLE `locations` ENABLE KEYS */;
UNLOCK TABLES;

--
-- Table structure for table `organisation_location`
--

DROP TABLE IF EXISTS `organisation_location`;
/*!40101 SET @saved_cs_client     = @@character_set_client */;
/*!40101 SET character_set_client = utf8 */;
CREATE TABLE `organisation_location` (
  `organisation_id` bigint(20) DEFAULT NULL,
  `location_id` bigint(20) DEFAULT NULL,
  KEY `organisation_id` (`organisation_id`),
  KEY `location_id` (`location_id`),
  CONSTRAINT `organisation_location_ibfk_1` FOREIGN KEY (`organisation_id`) REFERENCES `organisations` (`id`),
  CONSTRAINT `organisation_location_ibfk_2` FOREIGN KEY (`location_id`) REFERENCES `locations` (`id`)
) ENGINE=InnoDB DEFAULT CHARSET=latin1;
/*!40101 SET character_set_client = @saved_cs_client */;

--
-- Dumping data for table `organisation_location`
--

LOCK TABLES `organisation_location` WRITE;
/*!40000 ALTER TABLE `organisation_location` DISABLE KEYS */;
INSERT INTO `organisation_location` VALUES (3,4),(2,3),(1,1);
/*!40000 ALTER TABLE `organisation_location` ENABLE KEYS */;
UNLOCK TABLES;

--
-- Table structure for table `organisations`
--

DROP TABLE IF EXISTS `organisations`;
/*!40101 SET @saved_cs_client     = @@character_set_client */;
/*!40101 SET character_set_client = utf8 */;
CREATE TABLE `organisations` (
  `id` bigint(20) NOT NULL AUTO_INCREMENT,
  `name` varchar(200) NOT NULL,
  `description` text,
  PRIMARY KEY (`id`)
) ENGINE=InnoDB AUTO_INCREMENT=4 DEFAULT CHARSET=latin1;
/*!40101 SET character_set_client = @saved_cs_client */;

--
-- Dumping data for table `organisations`
--

LOCK TABLES `organisations` WRITE;
/*!40000 ALTER TABLE `organisations` DISABLE KEYS */;
INSERT INTO `organisations` VALUES (1,'The Guardian','A reputable news organisation that has published numerous Snowden documents.'),(2,'American Governemnt','The government of the United States of America'),(3,'The Tor Project','Builds anonymity software  such as Tor');
/*!40000 ALTER TABLE `organisations` ENABLE KEYS */;
UNLOCK TABLES;

--
-- Table structure for table `prison_location`
--

DROP TABLE IF EXISTS `prison_location`;
/*!40101 SET @saved_cs_client     = @@character_set_client */;
/*!40101 SET character_set_client = utf8 */;
CREATE TABLE `prison_location` (
  `prison_id` bigint(20) DEFAULT NULL,
  `location_id` bigint(20) DEFAULT NULL,
  KEY `prison_id` (`prison_id`),
  KEY `location_id` (`location_id`),
  CONSTRAINT `prison_location_ibfk_1` FOREIGN KEY (`prison_id`) REFERENCES `prisons` (`id`),
  CONSTRAINT `prison_location_ibfk_2` FOREIGN KEY (`location_id`) REFERENCES `locations` (`id`)
) ENGINE=InnoDB DEFAULT CHARSET=latin1;
/*!40101 SET character_set_client = @saved_cs_client */;

--
-- Dumping data for table `prison_location`
--

LOCK TABLES `prison_location` WRITE;
/*!40000 ALTER TABLE `prison_location` DISABLE KEYS */;
INSERT INTO `prison_location` VALUES (1,2);
/*!40000 ALTER TABLE `prison_location` ENABLE KEYS */;
UNLOCK TABLES;

--
-- Table structure for table `prison_prison-type`
--

DROP TABLE IF EXISTS `prison_prison-type`;
/*!40101 SET @saved_cs_client     = @@character_set_client */;
/*!40101 SET character_set_client = utf8 */;
CREATE TABLE `prison_prison-type` (
  `prison_id` bigint(20) DEFAULT NULL,
  `prison_type_id` bigint(20) DEFAULT NULL,
  KEY `prison_id` (`prison_id`),
  KEY `prison_type_id` (`prison_type_id`),
  CONSTRAINT `prison_prison-type_ibfk_1` FOREIGN KEY (`prison_id`) REFERENCES `prisons` (`id`),
  CONSTRAINT `prison_prison-type_ibfk_2` FOREIGN KEY (`prison_type_id`) REFERENCES `prisontypes` (`id`)
) ENGINE=InnoDB DEFAULT CHARSET=latin1;
/*!40101 SET character_set_client = @saved_cs_client */;

--
-- Dumping data for table `prison_prison-type`
--

LOCK TABLES `prison_prison-type` WRITE;
/*!40000 ALTER TABLE `prison_prison-type` DISABLE KEYS */;
INSERT INTO `prison_prison-type` VALUES (1,1),(1,2);
/*!40000 ALTER TABLE `prison_prison-type` ENABLE KEYS */;
UNLOCK TABLES;

--
-- Table structure for table `prisons`
--

DROP TABLE IF EXISTS `prisons`;
/*!40101 SET @saved_cs_client     = @@character_set_client */;
/*!40101 SET character_set_client = utf8 */;
CREATE TABLE `prisons` (
  `id` bigint(20) NOT NULL AUTO_INCREMENT,
  `name` varchar(200) NOT NULL,
  PRIMARY KEY (`id`)
) ENGINE=InnoDB AUTO_INCREMENT=2 DEFAULT CHARSET=latin1;
/*!40101 SET character_set_client = @saved_cs_client */;

--
-- Dumping data for table `prisons`
--

LOCK TABLES `prisons` WRITE;
/*!40000 ALTER TABLE `prisons` DISABLE KEYS */;
INSERT INTO `prisons` VALUES (1,'Guantanamo');
/*!40000 ALTER TABLE `prisons` ENABLE KEYS */;
UNLOCK TABLES;

--
-- Table structure for table `prisontypes`
--

DROP TABLE IF EXISTS `prisontypes`;
/*!40101 SET @saved_cs_client     = @@character_set_client */;
/*!40101 SET character_set_client = utf8 */;
CREATE TABLE `prisontypes` (
  `id` bigint(20) NOT NULL AUTO_INCREMENT,
  `name` varchar(200) NOT NULL,
  PRIMARY KEY (`id`)
) ENGINE=InnoDB AUTO_INCREMENT=4 DEFAULT CHARSET=latin1;
/*!40101 SET character_set_client = @saved_cs_client */;

--
-- Dumping data for table `prisontypes`
--

LOCK TABLES `prisontypes` WRITE;
/*!40000 ALTER TABLE `prisontypes` DISABLE KEYS */;
INSERT INTO `prisontypes` VALUES (1,'Detention facility'),(2,'Prison'),(3,'Jail');
/*!40000 ALTER TABLE `prisontypes` ENABLE KEYS */;
UNLOCK TABLES;

--
-- Table structure for table `professions`
--

DROP TABLE IF EXISTS `professions`;
/*!40101 SET @saved_cs_client     = @@character_set_client */;
/*!40101 SET character_set_client = utf8 */;
CREATE TABLE `professions` (
  `id` bigint(20) NOT NULL AUTO_INCREMENT,
  `name` varchar(200) NOT NULL,
  PRIMARY KEY (`id`)
) ENGINE=InnoDB AUTO_INCREMENT=5 DEFAULT CHARSET=latin1;
/*!40101 SET character_set_client = @saved_cs_client */;

--
-- Dumping data for table `professions`
--

LOCK TABLES `professions` WRITE;
/*!40000 ALTER TABLE `professions` DISABLE KEYS */;
INSERT INTO `professions` VALUES (1,'Military'),(2,'Jounalist'),(3,'Software developer'),(4,'Politician');
/*!40000 ALTER TABLE `professions` ENABLE KEYS */;
UNLOCK TABLES;

--
-- Table structure for table `releasetypes`
--

DROP TABLE IF EXISTS `releasetypes`;
/*!40101 SET @saved_cs_client     = @@character_set_client */;
/*!40101 SET character_set_client = utf8 */;
CREATE TABLE `releasetypes` (
  `id` bigint(20) NOT NULL AUTO_INCREMENT,
  `type_code` bigint(20) NOT NULL,
  PRIMARY KEY (`id`)
) ENGINE=InnoDB AUTO_INCREMENT=4 DEFAULT CHARSET=latin1;
/*!40101 SET character_set_client = @saved_cs_client */;

--
-- Dumping data for table `releasetypes`
--

LOCK TABLES `releasetypes` WRITE;
/*!40000 ALTER TABLE `releasetypes` DISABLE KEYS */;
INSERT INTO `releasetypes` VALUES (1,2),(2,1),(3,3);
/*!40000 ALTER TABLE `releasetypes` ENABLE KEYS */;
UNLOCK TABLES;

--
-- Table structure for table `reports`
--

DROP TABLE IF EXISTS `reports`;
/*!40101 SET @saved_cs_client     = @@character_set_client */;
/*!40101 SET character_set_client = utf8 */;
CREATE TABLE `reports` (
  `id` bigint(20) NOT NULL AUTO_INCREMENT,
  `text` text NOT NULL,
  PRIMARY KEY (`id`)
) ENGINE=InnoDB AUTO_INCREMENT=2 DEFAULT CHARSET=latin1;
/*!40101 SET character_set_client = @saved_cs_client */;

--
-- Dumping data for table `reports`
--

LOCK TABLES `reports` WRITE;
/*!40000 ALTER TABLE `reports` DISABLE KEYS */;
INSERT INTO `reports` VALUES (1,'Report text text text text text text text');
/*!40000 ALTER TABLE `reports` ENABLE KEYS */;
UNLOCK TABLES;

--
-- Table structure for table `rightsviolations`
--

DROP TABLE IF EXISTS `rightsviolations`;
/*!40101 SET @saved_cs_client     = @@character_set_client */;
/*!40101 SET character_set_client = utf8 */;
CREATE TABLE `rightsviolations` (
  `id` bigint(20) NOT NULL AUTO_INCREMENT,
  `name` varchar(200) NOT NULL,
  `description` text,
  PRIMARY KEY (`id`)
) ENGINE=InnoDB AUTO_INCREMENT=3 DEFAULT CHARSET=latin1;
/*!40101 SET character_set_client = @saved_cs_client */;

--
-- Dumping data for table `rightsviolations`
--

LOCK TABLES `rightsviolations` WRITE;
/*!40000 ALTER TABLE `rightsviolations` DISABLE KEYS */;
INSERT INTO `rightsviolations` VALUES (1,'Unlawful detention','A restraint of a person in a bounded area without justification or consent'),(2,'Torture','The act of deliberately inflicting severe physical or psychological pain and possibly injury to an organism');
/*!40000 ALTER TABLE `rightsviolations` ENABLE KEYS */;
UNLOCK TABLES;

--
-- Table structure for table `source_organisation`
--

DROP TABLE IF EXISTS `source_organisation`;
/*!40101 SET @saved_cs_client     = @@character_set_client */;
/*!40101 SET character_set_client = utf8 */;
CREATE TABLE `source_organisation` (
  `source_id` bigint(20) DEFAULT NULL,
  `organisation_id` bigint(20) DEFAULT NULL,
  KEY `source_id` (`source_id`),
  KEY `organisation_id` (`organisation_id`),
  CONSTRAINT `source_organisation_ibfk_1` FOREIGN KEY (`source_id`) REFERENCES `sources` (`id`),
  CONSTRAINT `source_organisation_ibfk_2` FOREIGN KEY (`organisation_id`) REFERENCES `organisations` (`id`)
) ENGINE=InnoDB DEFAULT CHARSET=latin1;
/*!40101 SET character_set_client = @saved_cs_client */;

--
-- Dumping data for table `source_organisation`
--

LOCK TABLES `source_organisation` WRITE;
/*!40000 ALTER TABLE `source_organisation` DISABLE KEYS */;
INSERT INTO `source_organisation` VALUES (2,1),(1,2);
/*!40000 ALTER TABLE `source_organisation` ENABLE KEYS */;
UNLOCK TABLES;

--
-- Table structure for table `sources`
--

DROP TABLE IF EXISTS `sources`;
/*!40101 SET @saved_cs_client     = @@character_set_client */;
/*!40101 SET character_set_client = utf8 */;
CREATE TABLE `sources` (
  `id` bigint(20) NOT NULL AUTO_INCREMENT,
  `name` varchar(200) NOT NULL,
  PRIMARY KEY (`id`)
) ENGINE=InnoDB AUTO_INCREMENT=3 DEFAULT CHARSET=latin1;
/*!40101 SET character_set_client = @saved_cs_client */;

--
-- Dumping data for table `sources`
--

LOCK TABLES `sources` WRITE;
/*!40000 ALTER TABLE `sources` DISABLE KEYS */;
INSERT INTO `sources` VALUES (1,'Sheryl MacDonald'),(2,'Dan Green');
/*!40000 ALTER TABLE `sources` ENABLE KEYS */;
UNLOCK TABLES;

--
-- Table structure for table `stateauthorities`
--

DROP TABLE IF EXISTS `stateauthorities`;
/*!40101 SET @saved_cs_client     = @@character_set_client */;
/*!40101 SET character_set_client = utf8 */;
CREATE TABLE `stateauthorities` (
  `id` bigint(20) NOT NULL AUTO_INCREMENT,
  `name` varchar(200) NOT NULL,
  `description` text,
  PRIMARY KEY (`id`)
) ENGINE=InnoDB AUTO_INCREMENT=3 DEFAULT CHARSET=latin1;
/*!40101 SET character_set_client = @saved_cs_client */;

--
-- Dumping data for table `stateauthorities`
--

LOCK TABLES `stateauthorities` WRITE;
/*!40000 ALTER TABLE `stateauthorities` DISABLE KEYS */;
INSERT INTO `stateauthorities` VALUES (1,'George R.R. Martin','Author of Game of Thrones'),(2,'Roger Dingledine','Involved in various privacy technology projects');
/*!40000 ALTER TABLE `stateauthorities` ENABLE KEYS */;
UNLOCK TABLES;

--
-- Table structure for table `user_organisations`
--

DROP TABLE IF EXISTS `user_organisations`;
/*!40101 SET @saved_cs_client     = @@character_set_client */;
/*!40101 SET character_set_client = utf8 */;
CREATE TABLE `user_organisations` (
  `id` bigint(20) NOT NULL AUTO_INCREMENT,
  `name` varchar(200) NOT NULL,
  PRIMARY KEY (`id`)
) ENGINE=InnoDB DEFAULT CHARSET=latin1;
/*!40101 SET character_set_client = @saved_cs_client */;

--
-- Dumping data for table `user_organisations`
--

LOCK TABLES `user_organisations` WRITE;
/*!40000 ALTER TABLE `user_organisations` DISABLE KEYS */;
/*!40000 ALTER TABLE `user_organisations` ENABLE KEYS */;
UNLOCK TABLES;

--
-- Table structure for table `users`
--

DROP TABLE IF EXISTS `users`;
/*!40101 SET @saved_cs_client     = @@character_set_client */;
/*!40101 SET character_set_client = utf8 */;
CREATE TABLE `users` (
  `id` bigint(20) NOT NULL AUTO_INCREMENT,
  `email` varchar(200) NOT NULL,
  `password` varchar(200) NOT NULL,
  `password_salt` varchar(200) NOT NULL,
  `organisation_id` bigint(20) DEFAULT NULL,
  `is_admin` tinyint(1) NOT NULL,
  PRIMARY KEY (`id`),
  KEY `organisation_id` (`organisation_id`),
  CONSTRAINT `users_ibfk_1` FOREIGN KEY (`organisation_id`) REFERENCES `user_organisations` (`id`)
) ENGINE=InnoDB AUTO_INCREMENT=5 DEFAULT CHARSET=latin1;
/*!40101 SET character_set_client = @saved_cs_client */;

--
-- Dumping data for table `users`
--

LOCK TABLES `users` WRITE;
/*!40000 ALTER TABLE `users` DISABLE KEYS */;
INSERT INTO `users` VALUES (2,'user@user.com','$2a$12$Pl7SXV8.Vx/SQ3fdLnUDNeRwa07CULp5I57/FTP7RZsXivz4BQhSi','$2a$12$Pl7SXV8.Vx/SQ3fdLnUDNe',NULL,0),(3,'demo@demo.com','$2a$12$Pl7SXV8.Vx/SQ3fdLnUDNeRwa07CULp5I57/FTP7RZsXivz4BQhSi','$2a$12$Pl7SXV8.Vx/SQ3fdLnUDNe',NULL,1),(4,'sad@asd.com','$2a$12$sq3XEDudzOH4L.i0ax4p6e2vEkP6vaQ64bDA6fdU04dyg/R4JreK2','$2a$12$sq3XEDudzOH4L.i0ax4p6e',NULL,0);
/*!40000 ALTER TABLE `users` ENABLE KEYS */;
UNLOCK TABLES;
/*!40103 SET TIME_ZONE=@OLD_TIME_ZONE */;

/*!40101 SET SQL_MODE=@OLD_SQL_MODE */;
/*!40014 SET FOREIGN_KEY_CHECKS=@OLD_FOREIGN_KEY_CHECKS */;
/*!40014 SET UNIQUE_CHECKS=@OLD_UNIQUE_CHECKS */;
/*!40101 SET CHARACTER_SET_CLIENT=@OLD_CHARACTER_SET_CLIENT */;
/*!40101 SET CHARACTER_SET_RESULTS=@OLD_CHARACTER_SET_RESULTS */;
/*!40101 SET COLLATION_CONNECTION=@OLD_COLLATION_CONNECTION */;
/*!40111 SET SQL_NOTES=@OLD_SQL_NOTES */;

-- Dump completed on 2015-05-17 11:48:01
